product_id,name,category_id,brand,price,stock_quantity
1,Persevering cohesive superstructure,21,"Mckinney, Hudson and Hobbs",492.16,378
2,Jacket,14,Levi's,444.12,606
3,Laptop Max,1,Sony,76.05,893
4,Laptop Max,12,Sony,393.26,524
5,Ergonomic explicit knowledgebase,22,Hunt Group,391.45,660
6,Face-to-face optimal extranet,21,Rodriguez Group,93.08,473
7,Organized non-volatile alliance,3,Hayes-Hill,9.59,405
8,Ergonomic didactic protocol,22,Ferrell LLC,477.81,55
9,Reverse-engineered executive capacity,5,Gonzalez-Carter,82.63,92
10,Persistent tangible moratorium,19,"Shaw, Matthews and Ramos",108.92,598
11,Public-key bottom-line attitude,21,Holmes Ltd,410.89,388
12,TV Pro,12,Sony,22.54,338
13,Cross-platform maximized groupware,9,"Miller, Wang and Bryan",232.52,527
14,Implemented maximized strategy,16,"Monroe, Tate and West",180.92,189
15,T-Shirt,2,Levi's,168.98,19
16,Distributed motivating artificial intelligence,28,"Brown, Burgess and Garcia",304.03,583
17,User-centric non-volatile infrastructure,19,Warner-Richardson,91.88,532
18,Future-proofed intangible benchmark,6,Fuentes-Beck,342.16,884
19,Cross-group human-resource contingency,22,Griffin-Mcintyre,296.68,594
20,Diverse discrete algorithm,20,Jones-Burnett,103.31,972
21,Headphones Max,1,Sony,375.49,295
22,Jacket,27,H&M,454.75,806
23,Synergistic multi-state productivity,11,"Williams, Bell and Wilson",247.3,774
24,Diverse asynchronous budgetary management,19,Jones-Ramirez,315.4,62
25,Extended asynchronous methodology,23,Peterson-Frazier,87.79,179
26,Integrated real-time structure,6,"Nichols, Gordon and Hubbard",492.27,37
27,TV,1,Samsung,244.99,525
28,Organic systematic adapter,24,Larson-Smith,96.29,236
29,Smartphone Ultra,12,LG,61.66,153
30,Headphones Ultra,1,Samsung,111.04,322
31,Grass-roots multimedia encoding,3,Escobar-Cooper,235.4,193
32,Monitored next generation middleware,24,"Mcdonald, Fitzpatrick and Hernandez",185.31,591
33,Jeans,14,Adidas,341.66,113
34,Smartphone Ultra,12,Samsung,165.64,399
35,Diverse intermediate hub,26,Lewis LLC,297.04,885
36,Headphones Pro,12,Apple,234.06,509
37,Phased exuding throughput,23,Dougherty PLC,240.78,542
38,Streamlined maximized firmware,24,George PLC,425.16,607
39,Smartphone,15,Samsung,52.37,311
40,Profit-focused client-server contingency,16,Hubbard Inc,417.96,175
41,Multi-layered value-added middleware,21,Cox-Armstrong,34.66,790
42,Triple-buffered methodical conglomeration,25,Ross Group,475.66,768
43,Automated attitude-oriented software,19,"Smith, Johnson and Bond",290.75,723
44,Pre-emptive actuating collaboration,3,Mann-Bailey,383.93,923
45,Multi-lateral scalable knowledge user,20,"Jacobs, Todd and Hall",57.84,524
46,Grass-roots intermediate array,19,Walker-Collins,253.93,935
47,TV,1,Sony,275.05,906
48,Open-source 24/7 matrices,16,"Terry, Welch and Andrews",232.5,771
49,Visionary national data-warehouse,20,Adkins PLC,472.92,116
50,Front-line actuating frame,7,Thompson LLC,320.77,721
51,Re-engineered empowering Graphical User Interface,25,Nelson-Clark,188.81,312
52,Programmable dedicated toolset,22,Melton-Leonard,56.75,439
53,Dress,2,H&M,259.69,17
54,Programmable mission-critical superstructure,16,Pittman LLC,185.29,66
55,Ergonomic upward-trending migration,6,Martin-Rivera,243.54,343
56,Programmable full-range open system,5,"Lawson, Morgan and Cisneros",127.29,584
57,Exclusive intermediate toolset,6,Brennan PLC,174.31,470
58,Business-focused optimal contingency,25,Cruz LLC,455.46,645
59,Implemented real-time collaboration,10,Nunez LLC,94.05,642
60,Versatile homogeneous adapter,10,"Anderson, Petty and Larson",292.72,849
61,Assimilated well-modulated project,11,"Lane, Cabrera and Gay",373.5,785
62,Digitized non-volatile database,3,Blanchard-Larson,128.14,320
63,Enhanced client-driven analyzer,18,Mitchell and Sons,58.68,640
64,Organized regional structure,6,Haynes-Kim,16.1,79
65,Organic dedicated hub,6,"Burke, Smith and Hayes",74.41,544
66,Vision-oriented optimizing focus group,19,"Marquez, Weber and Nicholson",139.85,423
67,Synergistic 4thgeneration toolset,3,"Lara, Thompson and Thompson",293.64,434
68,Realigned national approach,22,"Sullivan, Gibson and Brooks",488.22,821
69,Innovative non-volatile database,22,"Castro, Diaz and Weeks",118.75,373
70,Persistent regional toolset,13,"Barajas, Tran and Gonzalez",183.28,546
71,Multi-tiered stable moderator,19,Baker-White,157.26,987
72,Adaptive 6thgeneration matrices,19,"Pham, Frye and Lewis",476.7,908
73,Persistent executive challenge,9,Green-Hill,287.61,136
74,Multi-lateral stable project,24,"Trevino, Lopez and Cunningham",146.7,967
75,Smartphone Pro,15,Samsung,6.98,781
76,Reactive motivating utilization,11,"Evans, Lowery and Hamilton",250.49,547
77,Switchable non-volatile website,17,Collins-Hunt,141.82,949
78,Business-focused upward-trending instruction set,18,"Daniels, Wilson and Carey",272.82,512
79,Cross-group didactic instruction set,18,Horton Ltd,14.87,213
80,Universal clear-thinking infrastructure,4,"Cummings, Lambert and West",387.5,378
81,TV,15,Apple,192.3,486
82,Horizontal high-level moderator,3,"Proctor, Mitchell and Barber",455.98,623
83,TV Ultra,1,Samsung,334.38,195
84,Jeans,2,H&M,430.74,514
85,Programmable system-worthy project,23,Mendoza-Lopez,193.62,329
86,Headphones Pro,12,Apple,33.07,295
87,Optimized optimal core,10,"Simmons, Johnson and Lindsey",97.63,689
88,Fully-configurable tertiary architecture,16,Luna-Turner,69.18,467
89,Profit-focused 3rdgeneration Graphic Interface,22,"Hall, Wright and Figueroa",417.73,79
90,Realigned human-resource middleware,18,Best and Sons,320.37,380
91,Networked directional synergy,3,"Figueroa, Cochran and Powell",304.18,641
92,Enhanced client-server matrix,5,"Marquez, Terrell and Scott",116.72,668
93,Virtual multimedia neural-net,18,"Smith, Fischer and Gonzalez",334.57,283
94,Jeans,14,Levi's,494.61,729
95,Jeans,14,Nike,83.38,147
96,Progressive dynamic challenge,25,Sexton-Larsen,298.61,61
97,Integrated fault-tolerant customer loyalty,26,Brown-Le,68.59,772
98,Jacket,27,Adidas,450.56,728
99,Customizable fault-tolerant Local Area Network,17,Dean-Warren,81.52,512
100,Optional 24hour alliance,4,Smith Inc,241.08,355
101,Re-engineered zero-defect projection,13,Gordon Group,255.53,983
102,Smartphone Ultra,1,Apple,493.26,375
103,Diverse fault-tolerant protocol,3,Carson-Moreno,31.92,860
104,Team-oriented dynamic circuit,10,Burton Ltd,350.38,444
105,Public-key analyzing budgetary management,6,Mccarty Ltd,23.85,943
106,Laptop,12,Sony,265.16,622
107,Monitored uniform structure,28,Davies-James,258.48,992
108,Cloned bi-directional standardization,17,Frazier PLC,78.81,185
109,Mandatory holistic hierarchy,8,"Kelly, Bray and Jefferson",103.5,229
110,Realigned methodical adapter,19,Miller-Richards,342.55,404
111,Sharable executive parallelism,19,Underwood Group,81.11,189
112,Customizable demand-driven knowledge user,13,Oneill-Payne,65.44,135
113,Monitored client-server alliance,18,Gonzalez LLC,54.93,724
114,Headphones,1,Samsung,320.44,625
115,Ergonomic stable focus group,16,French Group,210.13,497
116,Fully-configurable client-driven core,8,Gomez-Romero,457.54,938
117,Right-sized context-sensitive leverage,13,"Smith, Cisneros and Cohen",160.76,635
118,Jacket,2,Adidas,279.98,198
119,Distributed well-modulated toolset,5,Wright Group,441.01,734
120,Programmable real-time capability,22,Mcintyre LLC,125.46,146
121,Visionary methodical parallelism,16,Stephens-Carroll,132.12,713
122,Reactive hybrid synergy,6,"Nolan, Bowers and Smith",294.68,78
123,Self-enabling system-worthy flexibility,20,Herring and Sons,188.5,324
124,Optional optimizing artificial intelligence,3,"Bruce, Paul and Banks",282.82,511
125,Polarized 24/7 array,8,Jordan LLC,252.52,641
126,Decentralized analyzing paradigm,9,Carey-Clark,161.87,236
127,Grass-roots background service-desk,16,"Hansen, Ingram and Marquez",66.9,459
128,Jeans,27,Levi's,274.88,48
129,De-engineered fault-tolerant leverage,4,Roman-Faulkner,408.76,990
130,Ameliorated national paradigm,24,Campbell Ltd,81.19,896
131,Progressive full-range adapter,13,Miller-Lewis,495.78,382
132,Jeans,14,Levi's,418.83,650
133,Face-to-face multi-state software,25,Rogers-Salinas,425.62,330
134,TV Pro,15,LG,234.28,752
135,Smartphone Pro,1,Samsung,173.85,336
136,Organized multi-tasking archive,18,Young-Allen,93.5,717
137,Polarized intermediate instruction set,8,"Moore, Smith and Hall",256.08,114
138,Laptop Pro,12,Apple,259.88,830
139,Visionary leadingedge monitoring,7,Fletcher-Morton,268.02,193
140,Fundamental executive paradigm,19,Harmon Ltd,400.42,825
141,Organic tangible support,13,"Yu, King and Knight",216.79,516
142,Polarized zero administration projection,8,"Thomas, Smith and Mckinney",276.79,976
143,Assimilated didactic structure,17,Sims-Johnson,102.07,391
144,Profound attitude-oriented moratorium,7,Stewart PLC,342.3,13
145,Triple-buffered global solution,5,Miller-Garcia,29.96,172
146,Open-architected national adapter,25,"Ramirez, Brown and Haley",371.94,43
147,Organized executive task-force,26,Crane Group,365.33,907
148,Jeans,2,Levi's,121.72,171
149,Organic coherent array,9,"Castro, Reyes and Cox",386.66,436
150,Diverse national encryption,22,Parks Inc,138.13,531
151,Adaptive zero administration system engine,24,"Collins, Ortega and White",307.83,53
152,Smartphone Ultra,15,LG,300.95,246
153,Monitored human-resource conglomeration,26,"Rollins, Christian and Hansen",67.83,26
154,Organized radical array,21,Fitzgerald Group,429.99,952
155,Vision-oriented clear-thinking Internet solution,10,Thomas-Turner,226.28,556
156,Cloned 4thgeneration solution,7,King Ltd,324.85,451
157,Open-source full-range Local Area Network,22,"Bowen, Hanson and Cowan",286.88,107
158,Face-to-face didactic success,19,Richards and Sons,236.5,119
159,Compatible explicit database,25,Dickerson PLC,13.83,826
160,Configurable global hub,16,Woods LLC,181.48,219
161,Diverse neutral monitoring,17,Moreno PLC,239.73,610
162,Fully-configurable 5thgeneration service-desk,4,Martinez and Sons,433.6,732
163,Optional reciprocal emulation,16,Hood Ltd,446.78,416
164,Horizontal stable success,21,"Patton, Bryan and Mcgee",9.45,428
165,Future-proofed human-resource algorithm,16,"Powell, Jones and Osborne",41.35,769
166,Triple-buffered local forecast,28,Johnson PLC,308.07,888
167,Upgradable full-range portal,21,Jones-Brown,326.26,296
168,Smartphone Max,1,Apple,62.46,237
169,Stand-alone intangible strategy,11,"Perkins, Peterson and Nguyen",457.78,193
170,Jacket,2,Adidas,156.52,838
171,Persistent multimedia initiative,9,"Stark, Watson and Hernandez",24.16,493
172,Business-focused value-added migration,24,Valencia Inc,19.53,83
173,T-Shirt,2,H&M,25.04,642
174,Laptop Max,15,Sony,297.3,696
175,Laptop Pro,12,LG,103.94,473
176,Re-contextualized bandwidth-monitored productivity,20,Ewing and Sons,303.37,815
177,Organic fault-tolerant moderator,6,Elliott and Sons,26.39,292
178,Open-source neutral open system,19,Chaney and Sons,235.91,29
179,Managed system-worthy solution,28,"Cardenas, Taylor and Gibson",69.78,562
180,Smartphone Pro,12,Samsung,118.03,441
181,Jeans,27,H&M,375.02,420
182,Profit-focused directional protocol,16,Roberts LLC,317.98,587
183,Networked motivating protocol,9,"Payne, Knight and Shah",280.85,153
184,Progressive hybrid project,24,Hamilton-Dunn,317.86,954
185,User-centric web-enabled Local Area Network,20,Jacobson PLC,93.45,268
186,Public-key responsive groupware,8,Miller-Rodriguez,442.23,919
187,Proactive impactful Graphical User Interface,7,Hall Group,497.73,491
188,Laptop Pro,1,Sony,464.63,193
189,Stand-alone real-time definition,11,Jones-Nelson,151.97,186
190,Expanded regional conglomeration,3,"Barrett, Ward and Murphy",324.64,839
191,Dress,27,Nike,162.32,977
192,Universal high-level conglomeration,17,Bryant-Gonzalez,266.12,618
193,User-friendly transitional help-desk,17,"Nelson, Johnson and Medina",122.43,363
194,Profound 24hour strategy,22,Vasquez LLC,344.28,227
195,Dress,14,Nike,325.18,624
196,Assimilated radical strategy,3,Wilkins-Burns,396.69,465
197,Right-sized global time-frame,7,Sparks-Small,333.31,821
198,Re-engineered global Local Area Network,21,Mullins-Dickerson,232.99,860
199,Proactive dedicated parallelism,17,Harris-Shah,228.06,950
200,Face-to-face contextually-based secured line,9,"Spence, Thomas and Koch",59.89,943
201,Jeans,14,Levi's,12.99,422
202,Monitored non-volatile pricing structure,21,"Hale, Fox and Sanders",156.89,223
203,Organized multi-tasking functionalities,3,Gonzalez Group,436.78,210
204,Phased global info-mediaries,23,Perkins PLC,214.73,289
205,Persevering coherent process improvement,23,"Evans, Hinton and Brown",414.67,24
206,Function-based fault-tolerant toolset,10,Ortega LLC,168.2,782
207,Centralized next generation core,26,Fuller Ltd,258.56,327
208,T-Shirt,14,Adidas,370.83,500
209,Reactive asymmetric intranet,19,"Nelson, Henderson and Stewart",6.46,35
210,Assimilated uniform moderator,17,Mitchell-Sanchez,200.99,837
211,Integrated next generation budgetary management,3,Scott-Blackburn,464.27,529
212,Multi-tiered value-added process improvement,4,"Ramirez, Mclaughlin and Vasquez",357.26,505
213,Synergistic object-oriented analyzer,13,"Reed, Ellison and Fuller",91.3,850
214,Fundamental bandwidth-monitored concept,26,"Jones, Humphrey and Brady",20.37,924
215,Enhanced bi-directional encryption,11,"Patton, Barton and Morgan",426.8,26
216,Upgradable well-modulated access,3,Dean Group,99.79,543
217,Smartphone,1,Apple,249.06,334
218,Dress,27,H&M,499.49,124
219,Versatile mobile encoding,5,Murray-Duran,163.35,817
220,Team-oriented empowering service-desk,5,Choi-Robinson,319.47,382
221,Distributed real-time groupware,20,Davis-Kelley,112.03,610
222,Operative clear-thinking strategy,3,Vance-Rose,328.48,273
223,Visionary 24/7 complexity,25,Cox Inc,486.57,486
224,Phased modular project,10,"Pena, Anderson and Singh",156.7,586
225,Persistent tangible contingency,17,"Gibbs, Davis and Nelson",350.79,820
226,Exclusive non-volatile installation,10,Klein-Garrett,145.05,356
227,TV,12,Sony,329.11,987
228,T-Shirt,27,Levi's,371.01,605
229,Synergized explicit strategy,7,"Johnston, Carlson and Sampson",258.79,677
230,Organized needs-based policy,16,"Anderson, Bowen and Duncan",457.0,304
231,Jacket,14,Levi's,173.3,934
232,Smartphone,1,LG,392.45,637
233,Synchronized didactic portal,7,Cochran-Fritz,59.23,197
234,T-Shirt,14,Nike,188.16,457
235,Mandatory modular Graphic Interface,13,"Hernandez, Schneider and Brady",230.52,119
236,Jeans,27,H&M,193.64,574
237,Reactive attitude-oriented secured line,22,Mckinney-Berg,299.5,380
238,Fully-configurable zero-defect pricing structure,11,"Young, Anderson and Rose",277.08,499
239,Object-based logistical benchmark,11,Kelly and Sons,275.1,865
240,Re-engineered directional parallelism,10,Scott and Sons,200.35,492
241,Headphones Max,12,Apple,230.11,721
242,Open-architected optimal access,19,"Jennings, Cooper and Thornton",200.39,839
243,Business-focused zero administration hub,17,"Gomez, Anderson and Solomon",18.97,312
244,Jeans,14,Nike,446.72,515
245,Cross-platform system-worthy adapter,28,"Peterson, Smith and Marshall",342.65,819
246,Mandatory attitude-oriented firmware,6,Scott-Williams,358.19,985
247,Self-enabling value-added process improvement,28,Thompson-Maxwell,416.25,561
248,Enhanced radical middleware,25,Lynn-Bryant,381.15,191
249,Expanded local hierarchy,7,"Scott, Powers and Taylor",49.17,560
250,Grass-roots local algorithm,7,"Rice, Mendez and Williamson",497.87,641
251,TV,15,Apple,282.49,661
252,Multi-channeled context-sensitive moderator,18,Thomas Group,376.95,196
253,Multi-tiered radical collaboration,24,Rhodes PLC,154.76,886
254,Synchronized discrete customer loyalty,5,Burnett-Rivera,230.8,204
255,Innovative composite portal,11,Wilson Group,105.56,814
256,Implemented directional superstructure,11,Rush PLC,114.83,656
257,Jeans,2,H&M,125.57,929
258,Streamlined tangible strategy,22,Sanchez-May,379.9,976
259,Object-based stable capacity,23,"Barrett, Brooks and Mcknight",253.28,442
260,Multi-lateral 3rdgeneration alliance,25,Larson-Rios,92.38,278
261,Vision-oriented leadingedge neural-net,24,"Paul, Gross and Vazquez",55.46,74
262,Total modular secured line,11,Hickman PLC,225.31,444
263,Organized heuristic circuit,18,Hill PLC,194.8,487
264,Digitized transitional forecast,7,Hall-Fisher,46.05,370
265,Customizable mission-critical orchestration,13,Cardenas LLC,389.09,620
266,Focused client-server protocol,19,Ellis LLC,13.97,999
267,Cross-group interactive function,20,"Carlson, Delacruz and Avila",82.66,61
268,Profound content-based definition,26,West-Gilbert,304.4,461
269,Optional even-keeled software,26,Murphy-Graham,254.28,855
270,Organic exuding forecast,3,Watts PLC,94.48,853
271,Optimized explicit algorithm,19,Carter Inc,103.81,523
272,Down-sized zero tolerance data-warehouse,18,"Walker, Odom and Johnson",22.95,44
273,Reactive clear-thinking access,8,"Bennett, Weber and Romero",14.93,854
274,Laptop,1,LG,225.34,671
275,Intuitive 4thgeneration contingency,17,"Murphy, Owens and Young",200.99,181
276,Balanced non-volatile throughput,7,Walters Ltd,59.85,223
277,Business-focused well-modulated circuit,17,"Smith, Gordon and Reilly",480.25,13
278,Universal content-based customer loyalty,19,Porter-Castro,337.76,157
279,Triple-buffered zero-defect function,24,Odom PLC,284.88,340
280,Reverse-engineered non-volatile productivity,5,Garcia PLC,118.29,439
281,Multi-channeled clear-thinking data-warehouse,18,Bradley Ltd,143.74,813
282,Pre-emptive analyzing knowledgebase,16,Goodwin PLC,26.74,949
283,T-Shirt,2,H&M,41.34,689
284,Cloned dynamic support,19,Johnson-Bolton,167.74,974
285,Reactive fault-tolerant collaboration,6,Griffith and Sons,108.08,171
286,Persevering reciprocal solution,26,Guerrero-Ray,282.76,510
287,Dress,2,Adidas,415.45,81
288,Pre-emptive fresh-thinking contingency,26,Gill Ltd,438.96,795
289,Quality-focused actuating open architecture,3,"Park, Pratt and Vargas",9.79,768
290,Compatible next generation focus group,22,"Spencer, Moss and Gilmore",340.87,795
291,Fundamental well-modulated projection,19,Martinez-Brown,153.54,186
292,Face-to-face disintermediate function,10,Perez PLC,160.5,533
293,Reverse-engineered exuding access,25,Frye LLC,236.33,186
294,Innovative client-driven monitoring,16,"Richardson, Kelley and Little",418.67,830
295,Cross-group next generation budgetary management,20,"Taylor, Aguirre and Clark",237.81,92
296,Monitored client-driven hub,17,Miller-Fowler,210.9,106
297,Robust background hardware,25,Alexander and Sons,109.71,942
298,Reduced 24hour knowledge user,8,White-Daniels,26.93,408
299,Digitized mobile superstructure,22,Cook Group,475.57,546
300,Ergonomic non-volatile capacity,6,Powell and Sons,233.65,94
301,Business-focused user-facing productivity,9,Jackson and Sons,85.11,782
302,Face-to-face client-server process improvement,19,Williams LLC,304.39,351
303,Optional web-enabled parallelism,10,"Hardy, Lynch and Jackson",215.32,814
304,Future-proofed discrete customer loyalty,7,"Gay, Webb and Rush",248.04,739
305,Secured local superstructure,6,Cummings PLC,435.57,389
306,Implemented well-modulated definition,20,Sanchez-Davis,88.25,254
307,Jacket,27,Adidas,71.27,70
308,Smartphone Max,1,Apple,145.34,967
309,Re-contextualized discrete array,28,Smith Inc,138.25,18
310,Down-sized fresh-thinking leverage,19,"Barber, Preston and Nelson",251.42,975
311,Operative leadingedge parallelism,7,Harmon LLC,499.48,116
312,Smartphone Pro,15,Samsung,25.67,316
313,Inverse interactive hub,20,Hodges PLC,33.69,774
314,Versatile executive open architecture,21,Rice-Novak,86.03,541
315,TV Ultra,1,Apple,383.83,905
316,T-Shirt,14,Adidas,375.22,281
317,Integrated grid-enabled task-force,17,Snyder Group,461.3,92
318,De-engineered static project,7,Harper-Carter,326.6,692
319,Upgradable hybrid portal,21,Carlson PLC,15.48,380
320,Visionary reciprocal function,17,"Howard, Petty and Parker",192.62,196
321,Smartphone Ultra,1,LG,299.07,162
322,Cross-group systemic matrices,23,"Herrera, Jones and Jimenez",227.15,32
323,Phased zero-defect contingency,18,Williams-Todd,170.23,735
324,Laptop,12,LG,186.64,924
325,Centralized regional extranet,19,Reynolds-Johnson,247.44,642
326,Centralized encompassing neural-net,3,Castillo PLC,314.63,58
327,Headphones,12,LG,445.59,893
328,Front-line eco-centric function,18,"Thompson, Lawrence and Meyer",101.75,602
329,Enhanced responsive application,9,"Mckenzie, Huber and Patrick",322.27,850
330,Smartphone Pro,15,Samsung,193.14,904
331,Dress,27,Adidas,357.92,728
332,Profound next generation success,3,Butler-Moreno,101.76,802
333,Persistent leadingedge structure,17,Fuentes Ltd,176.35,376
334,Optional transitional migration,13,Stevenson-Munoz,45.13,247
335,Reduced background superstructure,25,Thornton-Henderson,447.72,282
336,Customizable upward-trending monitoring,26,Dunlap-Collins,217.63,257
337,Reactive bi-directional attitude,25,Hall-Kelly,24.9,766
338,Inverse tangible focus group,8,Collins Inc,155.12,508
339,Enterprise-wide national focus group,8,Wallace-Carter,424.28,981
340,Multi-layered analyzing focus group,4,"Martinez, Meyer and Cervantes",294.79,289
341,Monitored radical alliance,10,Blankenship LLC,460.28,518
342,Versatile tangible firmware,25,Santos-Prince,129.63,935
343,User-centric responsive ability,3,Patton and Sons,228.78,673
344,User-friendly disintermediate synergy,23,Johnson and Sons,270.02,613
345,Self-enabling object-oriented architecture,19,White Ltd,180.29,311
346,Reverse-engineered discrete attitude,7,"Thompson, Hall and Harris",274.24,130
347,Optimized actuating budgetary management,18,Lloyd-Hood,449.82,313
348,Distributed coherent flexibility,9,Clarke PLC,337.61,876
349,Triple-buffered systematic neural-net,19,Fields-Carrillo,378.55,702
350,Optimized zero administration contingency,21,"Campbell, Banks and Sandoval",323.19,411
351,Multi-layered 24hour benchmark,6,Greene-Williams,449.26,507
352,Dress,14,Levi's,221.32,152
353,De-engineered demand-driven capability,22,Young Group,195.78,394
354,Ergonomic attitude-oriented complexity,10,Stevenson Ltd,151.12,935
355,Open-source tertiary standardization,6,Flores-Freeman,320.76,675
356,Proactive maximized time-frame,28,Willis-Roy,456.49,866
357,Centralized discrete process improvement,18,Clark-Castro,478.12,13
358,Laptop Ultra,12,Sony,246.43,980
359,Business-focused exuding leverage,19,Dominguez PLC,7.79,322
360,Smartphone,1,Apple,103.25,297
361,Jacket,27,Levi's,130.25,206
362,Business-focused neutral array,9,Joseph-Holmes,429.38,753
363,Adaptive 5thgeneration extranet,23,Willis-Thompson,93.87,669
364,Monitored holistic analyzer,22,"Hill, Wood and Sharp",127.53,686
365,Configurable full-range encoding,17,"Davis, Weber and Mendez",439.64,893
366,Configurable full-range middleware,22,Ross-Morris,383.37,924
367,Triple-buffered user-facing alliance,24,Thomas-Martinez,236.38,186
368,Intuitive executive orchestration,22,Castro-Hansen,166.79,968
369,Versatile client-server leverage,19,"Lynch, Kelly and Williams",406.29,606
370,Stand-alone system-worthy emulation,16,Ortiz Group,319.26,644
371,Re-engineered content-based pricing structure,22,Salinas-Love,175.31,551
372,Pre-emptive mobile time-frame,20,"Flores, Bryant and Mcgee",488.87,335
373,Upgradable methodical Graphical User Interface,26,"Harris, Richmond and Hayes",72.0,340
374,Headphones Pro,1,Apple,432.15,589
375,Versatile next generation standardization,18,Walter PLC,61.15,475
376,Reduced disintermediate solution,9,"Vega, Brown and Lee",350.87,748
377,Grass-roots incremental hierarchy,7,Chen LLC,490.65,353
378,Persevering systemic application,22,"Oliver, Best and Knapp",243.4,935
379,Pre-emptive 24/7 archive,19,Lawson-Nelson,247.72,690
380,Horizontal composite utilization,23,Ross-Rice,25.95,389
381,Virtual exuding approach,10,Santiago Inc,240.81,882
382,Distributed system-worthy access,28,Esparza-Campbell,479.37,336
383,Dress,27,H&M,399.87,884
384,Persistent mission-critical neural-net,20,Smith-Johnson,290.61,364
385,Dress,27,Levi's,481.89,138
386,Jacket,2,Levi's,361.03,580
387,Innovative zero tolerance frame,9,Chambers LLC,325.47,441
388,TV,15,LG,220.21,485
389,Fundamental upward-trending definition,20,"Hess, Nash and Manning",299.04,98
390,Jacket,14,H&M,73.78,212
391,Jacket,27,Adidas,181.1,577
392,Profit-focused 5thgeneration moratorium,16,"Howell, King and Moore",490.31,50
393,Networked background contingency,21,Rodriguez-Kim,36.65,351
394,Quality-focused system-worthy knowledgebase,10,Levy and Sons,450.23,919
395,Seamless client-server system engine,5,Gardner-Duke,327.55,829
396,Jeans,27,Adidas,83.06,267
397,Ameliorated background challenge,11,"Valenzuela, Cantu and Aguirre",184.61,502
398,Distributed real-time core,4,Cooper-Holmes,223.47,946
399,Intuitive actuating workforce,26,Rogers-Martinez,210.46,185
400,Centralized optimal migration,25,Elliott-Oconnor,13.51,898
401,Exclusive disintermediate contingency,4,Mcconnell-Jones,306.74,900
402,Re-contextualized value-added policy,24,Burns Inc,415.2,41
403,Total leadingedge standardization,21,Boyd-Irwin,412.97,280
404,Open-source homogeneous service-desk,17,"Ramirez, Walker and Houston",106.27,569
405,Front-line responsive workforce,11,"Ward, Smith and Walters",357.67,32
406,Open-source national core,3,Curtis-Palmer,24.27,464
407,Multi-layered client-server collaboration,18,Ruiz-Henderson,446.25,268
408,Dress,2,H&M,337.16,37
409,Configurable full-range migration,18,Acosta Inc,360.64,737
410,Multi-lateral scalable frame,22,Weaver-Wagner,140.36,501
411,Triple-buffered attitude-oriented implementation,10,"Thomas, Ortega and Anderson",310.84,595
412,Front-line encompassing support,28,Harrison Group,400.51,128
413,Seamless neutral process improvement,10,Powell-Mccall,240.67,761
414,Jacket,27,Levi's,351.25,309
415,Headphones,12,Samsung,356.78,980
416,Laptop Max,1,LG,156.02,631
417,Pre-emptive non-volatile firmware,22,Brown and Sons,83.5,605
418,Triple-buffered logistical capacity,24,Gomez-White,468.4,60
419,Enterprise-wide even-keeled array,18,"Thompson, Williams and Reyes",308.08,55
420,Assimilated human-resource capacity,24,"Franklin, Lee and Manning",237.7,852
421,Laptop,12,LG,327.83,891
422,Reactive scalable intranet,19,Smith PLC,438.87,338
423,User-centric systematic contingency,16,"Brooks, Pineda and Montgomery",373.45,882
424,Intuitive solution-oriented migration,24,Tyler-Richmond,173.03,394
425,Profit-focused disintermediate leverage,23,Taylor and Sons,347.86,551
426,Re-engineered attitude-oriented focus group,18,Mitchell Ltd,414.92,635
427,Distributed systematic time-frame,9,"Lewis, Armstrong and Whitney",332.58,791
428,Fully-configurable next generation service-desk,11,Browning Inc,91.18,103
429,Ergonomic actuating firmware,13,Baldwin-Anderson,350.4,258
430,Laptop Max,15,Apple,125.04,687
431,Object-based heuristic protocol,20,"Zamora, Russell and Miller",203.38,151
432,Jacket,27,H&M,457.82,958
433,Synergistic cohesive Graphical User Interface,4,Newman Ltd,71.76,893
434,Up-sized didactic paradigm,22,"Morgan, Combs and Tate",405.91,39
435,Jacket,14,Nike,335.27,787
436,Open-architected motivating alliance,7,Wilson-Hensley,131.62,661
437,Cloned grid-enabled approach,5,Snow-Wilson,20.99,424
438,T-Shirt,2,Levi's,184.36,436
439,Ergonomic upward-trending challenge,21,Velazquez-Hoffman,412.35,801
440,Ameliorated needs-based knowledgebase,25,Knapp-Brown,74.88,610
441,Phased stable structure,25,Crawford-Gill,117.2,936
442,Decentralized mobile time-frame,17,Hill Ltd,168.41,519
443,Smartphone,1,LG,195.64,675
444,Dress,14,Nike,317.37,852
445,Jacket,2,Levi's,310.91,126
446,Customer-focused well-modulated firmware,6,Copeland-Ortiz,257.83,145
447,Multi-layered mobile interface,9,Garcia-Jones,36.1,949
448,Focused optimal success,25,"Thomas, Rogers and Woods",371.39,511
449,Visionary attitude-oriented migration,23,"Mckenzie, Oneal and Vasquez",351.06,423
450,Centralized local interface,8,Pacheco and Sons,77.58,62
451,Synergized 6thgeneration paradigm,23,Howard-Chapman,267.85,939
452,Fundamental contextually-based artificial intelligence,6,Butler LLC,294.77,597
453,Balanced 6thgeneration utilization,8,"Flores, Salas and Lewis",116.66,48
454,Jeans,2,Adidas,233.64,511
455,Headphones Pro,12,Sony,51.84,752
456,Re-contextualized global parallelism,28,Hickman-Meyer,74.87,517
457,Headphones Ultra,15,LG,344.98,946
458,Open-architected bandwidth-monitored extranet,17,Alvarado-Flores,467.05,676
459,Inverse intangible functionalities,23,Mcdonald-Williams,191.95,704
460,Right-sized discrete encoding,6,Johnson and Sons,482.48,44
461,Headphones Ultra,15,LG,98.86,447
462,Distributed systematic firmware,20,Stone LLC,406.14,843
463,Reactive dedicated concept,19,"Hernandez, Padilla and Juarez",491.11,488
464,Headphones Ultra,15,Apple,13.97,246
465,Front-line executive emulation,4,"Taylor, Nguyen and King",179.15,10
466,Multi-channeled web-enabled superstructure,4,"Gilbert, Roy and Gibbs",392.13,997
467,Cross-group fresh-thinking collaboration,25,Rivera-Patton,135.95,725
468,Multi-layered foreground parallelism,28,Hill PLC,486.78,711
469,Implemented full-range help-desk,5,Robertson-Hardin,320.93,589
470,Compatible systematic knowledge user,8,"Jones, Dennis and Anderson",161.83,187
471,Innovative demand-driven complexity,11,"Dudley, Sims and Gray",121.14,430
472,Laptop,12,Sony,32.74,949
473,Networked 6thgeneration encryption,10,Griffith-Hall,439.73,729
474,Multi-channeled web-enabled service-desk,20,Hernandez Group,107.24,666
475,Customer-focused mobile flexibility,26,"Lewis, Moore and Foley",406.6,653
476,TV Ultra,12,Samsung,67.45,382
477,Quality-focused analyzing contingency,23,Romero-Walker,309.93,215
478,Organized impactful analyzer,24,"Barrett, Turner and Mckee",214.12,472
479,Headphones,1,Apple,112.08,997
480,Exclusive scalable open architecture,22,"Mckinney, Hodge and Ward",459.42,199
481,Reactive stable customer loyalty,6,"Ware, Sanchez and Summers",307.75,670
482,Enterprise-wide optimal neural-net,22,Burns-Armstrong,372.16,94
483,Grass-roots well-modulated Local Area Network,6,"Green, Bailey and Dorsey",374.35,686
484,Triple-buffered analyzing circuit,3,"Erickson, Bradley and Smith",375.8,513
485,Innovative bandwidth-monitored array,21,"Johnson, Price and Carpenter",101.1,162
486,Centralized clear-thinking leverage,4,"Schultz, Anthony and Sherman",99.91,767
487,Synchronized discrete solution,20,Thornton LLC,475.66,198
488,Organized attitude-oriented ability,8,Walsh Inc,289.47,760
489,Cross-platform tangible complexity,5,Hogan-Peters,155.85,388
490,Programmable intermediate intranet,23,Jones and Sons,94.21,307
491,Sharable 6thgeneration functionalities,18,Richardson-Lang,303.05,85
492,Centralized optimal benchmark,20,"Mccarty, Banks and Stewart",72.4,353
493,Inverse methodical hardware,8,Reyes LLC,171.23,828
494,Reactive hybrid encryption,22,"Nguyen, Olson and Mullins",293.22,323
495,User-centric scalable software,3,Nash LLC,98.8,958
496,Seamless non-volatile application,13,Contreras-Kelley,386.55,601
497,Smartphone,1,Sony,405.81,281
498,Devolved impactful knowledge user,17,"Santiago, Jones and Mclean",80.93,31
499,Extended explicit emulation,28,Wright and Sons,207.9,886
500,Optional coherent project,24,Allen LLC,291.46,436
501,Configurable real-time moderator,25,Reid Ltd,330.02,932
502,Mandatory attitude-oriented matrices,21,"Jones, Hernandez and Brown",421.78,604
503,Smartphone Max,15,Samsung,125.12,332
504,Ergonomic bottom-line projection,11,Castro and Sons,249.06,134
505,Expanded actuating leverage,6,"Brown, Smith and Shields",441.06,83
506,T-Shirt,2,Levi's,274.13,10
507,Headphones Ultra,12,Samsung,387.67,28
508,Cross-group intangible installation,20,Brown-Moore,393.79,862
509,Re-engineered holistic interface,4,Tran-Dennis,434.25,589
510,TV,15,LG,321.08,789
511,Up-sized secondary implementation,4,Frederick Ltd,447.34,195
512,Enhanced client-driven strategy,6,Macdonald PLC,15.07,278
513,Jeans,2,Adidas,471.02,615
514,Profit-focused human-resource knowledgebase,24,"Green, Cochran and Lutz",324.91,993
515,Headphones,15,Samsung,7.95,622
516,T-Shirt,14,Nike,162.78,986
517,Smartphone Ultra,12,Samsung,178.68,1
518,Balanced asymmetric alliance,26,"Hill, Meyer and Hoffman",230.99,735
519,Devolved directional encryption,22,Dean Inc,425.21,291
520,Profound optimizing encryption,11,Lee-Rivera,475.48,227
521,Jacket,14,Nike,125.17,955
522,Switchable stable moratorium,5,Castro-Rogers,399.94,496
523,Assimilated radical hub,5,"Alvarado, Sparks and Adams",74.58,245
524,Quality-focused mission-critical info-mediaries,8,Mcknight-Martin,138.85,39
525,Jeans,14,H&M,495.95,936
526,Headphones Max,1,Apple,294.65,897
527,Business-focused bi-directional software,3,Norton Ltd,173.7,665
528,Centralized contextually-based encryption,10,Turner LLC,269.44,653
529,Stand-alone multi-state knowledge user,4,Edwards and Sons,298.4,746
530,Headphones Max,1,LG,401.13,460
531,Public-key human-resource circuit,28,"Freeman, Taylor and Saunders",203.26,592
532,Cross-platform transitional extranet,9,Chandler-Foster,82.16,562
533,Inverse bifurcated superstructure,6,Smith-Molina,466.41,637
534,Virtual tangible functionalities,10,Alvarado Ltd,246.93,705
535,Future-proofed interactive process improvement,24,"Webb, Ruiz and Foster",21.25,947
536,Monitored responsive moratorium,22,"Bishop, Hicks and Newton",247.75,676
537,Configurable national productivity,9,"Mcdonald, Ryan and Rich",62.31,101
538,Upgradable local portal,7,Foster-Evans,173.38,192
539,Up-sized client-driven approach,26,"Adkins, Edwards and James",250.68,703
540,Fully-configurable tertiary infrastructure,10,"Robinson, Ramsey and Thompson",128.4,846
541,Smartphone Pro,12,Sony,81.54,284
542,Upgradable asymmetric paradigm,13,Stein-Ward,366.24,562
543,Synchronized multi-tasking portal,25,Richards-Simmons,398.93,885
544,Monitored full-range workforce,25,Bautista Group,202.66,227
545,Polarized context-sensitive core,25,Robinson PLC,32.0,933
546,Optional context-sensitive help-desk,4,Padilla Ltd,114.56,285
547,Diverse regional emulation,26,Young Ltd,331.9,153
548,Visionary tangible analyzer,21,Walsh-Rodgers,294.51,450
549,Jacket,2,Nike,478.48,363
550,Diverse multi-state installation,13,Hayes Group,91.45,993
551,Profit-focused 6thgeneration extranet,11,Ponce-Potter,230.81,77
552,Extended fault-tolerant application,25,Pruitt-Davis,494.5,134
553,Visionary bandwidth-monitored pricing structure,28,Lee Group,336.78,641
554,Switchable modular frame,6,Fisher-Patterson,271.56,339
555,Open-architected responsive extranet,9,Odom-Taylor,178.52,346
556,Decentralized multi-state protocol,28,Young-Mitchell,236.77,645
557,Operative asynchronous forecast,24,Miller-Rowe,143.68,467
558,Extended uniform complexity,4,Eaton Group,187.55,996
559,Realigned solution-oriented emulation,7,"Mcmahon, Dickerson and Medina",248.05,576
560,Enterprise-wide web-enabled encryption,7,Payne Ltd,62.04,924
561,Jeans,2,H&M,370.53,995
562,Horizontal stable migration,13,Roberts-Lopez,20.35,884
563,Dress,2,Adidas,246.69,487
564,Cloned high-level paradigm,21,Lewis-Tran,93.02,377
565,Dress,14,Adidas,195.96,277
566,Headphones Max,12,Samsung,280.01,106
567,Profit-focused scalable task-force,26,Arellano Inc,353.44,256
568,Organic motivating structure,18,Jenkins Group,474.51,96
569,Reduced cohesive data-warehouse,6,Rodriguez-Armstrong,307.21,452
570,Team-oriented real-time strategy,13,Hill-Garner,207.23,527
571,Persistent local access,11,"Jones, Summers and Gould",258.09,641
572,Synchronized fault-tolerant strategy,21,"Long, Clark and Armstrong",108.54,506
573,Phased asymmetric Local Area Network,23,Gutierrez Inc,391.91,897
574,User-friendly human-resource array,20,Miller-Peters,200.94,988
575,Fundamental multimedia paradigm,16,Wallace-Cook,131.27,425
576,Headphones Ultra,1,LG,455.12,532
577,Smartphone Max,1,Samsung,123.23,689
578,Front-line systemic leverage,26,Lam-King,11.77,409
579,Reduced maximized collaboration,6,Davis-Taylor,59.08,573
580,Proactive background access,26,Atkinson and Sons,102.35,837
581,Vision-oriented transitional superstructure,24,"Reese, Reyes and Wright",432.51,97
582,Progressive attitude-oriented alliance,22,Fox-Nelson,13.44,857
583,Mandatory multimedia service-desk,11,Lee Inc,416.9,600
584,Jacket,14,Nike,456.89,839
585,Laptop Max,1,Samsung,349.55,559
586,Multi-layered dynamic service-desk,9,Morrison-Rodgers,475.8,894
587,Future-proofed multi-tasking open system,18,Mcintyre Ltd,50.64,332
588,Optimized dynamic definition,3,Price PLC,426.94,236
589,Managed directional budgetary management,9,Davis-Wilson,402.35,230
590,TV Ultra,15,LG,174.36,430
591,Front-line transitional protocol,28,"Byrd, Wallace and Cruz",419.25,872
592,Operative static support,21,Gallagher Group,279.18,957
593,Organic neutral leverage,23,Matthews Inc,235.84,186
594,Customizable attitude-oriented matrix,24,Sullivan-Larson,289.8,372
595,Organized non-volatile benchmark,19,Petty PLC,462.85,436
596,Persevering logistical function,8,Spencer-Bentley,236.55,264
597,Jeans,14,Levi's,486.38,708
598,Face-to-face leadingedge hardware,23,Perez-Harris,180.31,214
599,TV Max,15,Sony,265.85,574
600,Streamlined executive approach,16,Liu LLC,118.27,41
601,Re-engineered even-keeled orchestration,11,Dawson Ltd,193.36,820
602,Decentralized incremental algorithm,6,Freeman-Walsh,246.25,400
603,Smartphone,12,Sony,432.62,677
604,Multi-layered eco-centric intranet,25,Perry Group,220.48,521
605,Headphones,15,Samsung,377.59,381
606,Distributed analyzing framework,8,Sanders-Adams,197.9,520
607,Profound local emulation,16,Wood-Andrews,361.58,27
608,Function-based eco-centric open system,3,Massey Group,402.13,694
609,Reverse-engineered transitional alliance,28,"Hernandez, Reyes and Carrillo",390.63,279
610,Reactive interactive portal,5,Murphy-Hill,97.8,310
611,Streamlined neutral secured line,18,Castro-Young,426.78,468
612,Persevering zero administration forecast,20,Harris-Cooper,99.5,308
613,Smartphone Max,1,LG,410.95,52
614,Laptop Ultra,15,Sony,14.16,236
615,Jeans,2,H&M,350.05,492
616,Laptop Max,1,Apple,459.07,564
617,Function-based 3rdgeneration secured line,13,"Bailey, Martin and Smith",363.38,777
618,Future-proofed incremental circuit,11,Rhodes Inc,88.07,892
619,Proactive asynchronous focus group,24,Casey-Orr,491.84,211
620,Dress,14,Nike,227.42,235
621,De-engineered mobile access,21,Jacobs and Sons,105.66,458
622,Multi-lateral object-oriented moderator,7,Mcgee-Adams,221.28,692
623,Expanded didactic collaboration,26,Trevino LLC,364.99,805
624,Digitized stable initiative,20,Hubbard-Bush,97.25,619
625,Universal 5thgeneration parallelism,5,White Group,420.52,826
626,Digitized next generation core,26,"Robinson, Schneider and Dorsey",22.24,232
627,Jacket,14,H&M,54.87,617
628,Versatile leadingedge open system,25,Wade-Baker,361.81,394
629,Public-key multi-tasking attitude,20,Farley-Garza,369.92,552
630,Realigned national contingency,4,Miller-Larson,87.73,290
631,TV Ultra,15,Apple,37.45,269
632,Dress,2,Levi's,393.2,840
633,De-engineered global forecast,18,"Scott, Beltran and Wood",115.25,598
634,Jeans,27,Adidas,69.94,663
635,De-engineered scalable core,25,Baker-Carrillo,132.91,379
636,Devolved regional implementation,20,Johnson-Robinson,306.31,869
637,Configurable discrete Graphical User Interface,10,Martin-Delacruz,361.68,608
638,Headphones Pro,15,Sony,499.49,962
639,Face-to-face attitude-oriented architecture,3,Lane-Robertson,258.78,253
640,Compatible maximized productivity,9,Pruitt Group,290.72,780
641,Open-architected 3rdgeneration capacity,10,Miranda and Sons,305.73,599
642,TV Pro,15,Samsung,362.35,927
643,Future-proofed impactful hierarchy,4,Rogers-Luna,488.63,853
644,Expanded asymmetric groupware,3,Simmons-Cobb,265.43,157
645,Re-engineered zero tolerance array,6,Acosta PLC,169.3,154
646,Dress,2,Levi's,375.37,605
647,Jeans,14,Levi's,112.16,992
648,Multi-lateral tangible archive,7,Smith-Bailey,79.71,563
649,Fundamental content-based knowledgebase,26,Mitchell-Johnson,207.46,898
650,Vision-oriented 5thgeneration utilization,28,"Wells, Moody and Ingram",460.25,332
651,Innovative zero administration system engine,7,Skinner Group,53.89,324
652,Laptop Max,15,Sony,305.46,376
653,Mandatory optimizing projection,26,Burns-Maddox,365.75,636
654,Jeans,2,Levi's,175.96,71
655,Front-line impactful capability,9,Coffey-Brown,15.4,390
656,Customizable high-level product,5,Berger and Sons,456.22,447
657,Organized content-based core,6,"Guerrero, Weber and Clark",29.09,403
658,Intuitive asynchronous matrices,10,"Graves, Chen and Underwood",442.42,23
659,Versatile actuating product,8,"Roman, Santiago and Odonnell",145.32,953
660,Inverse motivating hub,25,"Miller, Romero and Anderson",401.73,697
661,Pre-emptive heuristic ability,4,"Carney, Craig and Barnes",382.22,67
662,Switchable regional hierarchy,22,"Reed, Hanna and Sanchez",79.77,451
663,Visionary client-driven attitude,28,Ho Ltd,344.6,72
664,Sharable local benchmark,18,Mcclain PLC,254.29,790
665,Balanced zero-defect capacity,4,Taylor-Johnston,27.99,451
666,Inverse holistic implementation,9,Hubbard-Maxwell,228.89,185
667,Programmable directional info-mediaries,10,Mosley-White,433.67,246
668,Compatible clear-thinking benchmark,23,"Hernandez, Young and Caldwell",386.11,420
669,Triple-buffered full-range artificial intelligence,9,"Tate, Graham and Contreras",349.84,340
670,Persistent systemic Local Area Network,17,Garcia Ltd,196.14,598
671,De-engineered background hub,3,Lee PLC,141.18,918
672,Progressive actuating instruction set,10,Hernandez-Sullivan,465.83,188
673,Jeans,2,Levi's,253.67,692
674,Innovative real-time Local Area Network,4,Jones Group,242.88,869
675,Enterprise-wide grid-enabled knowledgebase,22,Washington-Harrison,345.2,526
676,Laptop Max,15,Sony,112.29,824
677,Automated attitude-oriented archive,16,"Stevens, Fisher and Erickson",168.3,470
678,Face-to-face high-level moderator,8,Brown LLC,434.08,645
679,Fundamental foreground approach,3,Molina LLC,477.12,851
680,Grass-roots logistical analyzer,3,White-Evans,212.8,604
681,Jeans,27,Adidas,491.71,652
682,Persistent tertiary capacity,22,"Elliott, Cunningham and Rich",296.83,20
683,Digitized actuating flexibility,19,Davis Group,492.33,768
684,Expanded local protocol,26,Stevens-Padilla,271.39,908
685,Upgradable maximized product,28,Jones-Miller,498.47,885
686,Proactive 4thgeneration moderator,23,Moore LLC,349.24,448
687,Persevering analyzing application,18,"Banks, May and Gentry",70.67,223
688,Dress,2,H&M,420.7,815
689,Laptop Max,1,Apple,177.07,129
690,Progressive human-resource alliance,8,Smith-Gallagher,194.21,966
691,Pre-emptive secondary hub,10,Kirk Ltd,257.4,354
692,Decentralized 24hour portal,4,Hebert-Miller,272.65,288
693,Up-sized radical support,20,Reynolds-Hunter,485.09,626
694,Laptop,12,Sony,331.0,97
695,Innovative mission-critical functionalities,13,"Jordan, Carlson and Parker",459.08,941
696,Focused composite focus group,16,"Greer, Sanchez and Horton",97.11,749
697,Dress,27,Nike,129.22,639
698,Dress,14,Adidas,9.12,747
699,Enhanced homogeneous task-force,16,Bates-Stevens,86.46,273
700,Horizontal client-server application,17,Short-Graves,374.78,920
701,Dress,27,Levi's,383.35,898
702,Devolved non-volatile matrix,18,Carter PLC,275.04,282
703,T-Shirt,27,Nike,439.75,435
704,Progressive stable application,5,Orr-Chavez,350.7,586
705,Team-oriented hybrid migration,22,Klein Ltd,314.91,582
706,TV Max,15,Sony,254.44,526
707,Persevering mobile Graphic Interface,19,Walker-Jones,23.01,88
708,Dress,27,H&M,20.53,398
709,Headphones,1,Samsung,43.0,510
710,T-Shirt,14,H&M,458.24,175
711,Organized foreground product,5,"Mitchell, Hall and Smith",406.31,29
712,Jacket,2,Nike,179.51,796
713,Open-architected client-server Graphic Interface,25,"Thomas, Pruitt and Ellis",464.97,270
714,Quality-focused system-worthy ability,19,"Moore, Odom and Clark",329.97,551
715,Self-enabling user-facing hierarchy,23,Larson LLC,216.7,989
716,Digitized clear-thinking conglomeration,8,Wade-Odom,184.57,544
717,Triple-buffered 6thgeneration help-desk,10,"Lee, Lewis and Blanchard",262.99,743
718,Synchronized background encryption,9,Ruiz-Buchanan,313.18,404
719,User-centric local budgetary management,5,"Gutierrez, Carpenter and Sandoval",347.14,188
720,Jeans,2,Nike,71.56,229
721,Proactive exuding artificial intelligence,16,Hess Ltd,79.81,299
722,User-friendly solution-oriented instruction set,8,"Mathews, Brown and Anderson",379.25,619
723,Integrated modular frame,19,"Collier, Williams and Perez",158.74,438
724,Automated stable functionalities,22,Flores-Harris,6.06,821
725,User-friendly optimizing moderator,22,King-Lopez,393.04,14
726,Synchronized web-enabled methodology,18,Cunningham Inc,169.15,641
727,Phased zero-defect matrix,19,Wong LLC,336.4,137
728,Down-sized system-worthy definition,5,Brown Group,370.59,985
729,Robust asynchronous conglomeration,9,"Jimenez, Dodson and Brown",332.46,280
730,Headphones,1,LG,390.07,379
731,Laptop Pro,15,LG,337.56,390
732,Up-sized asynchronous challenge,3,"Brown, Fox and Murray",268.1,944
733,Multi-tiered grid-enabled paradigm,25,"Jones, Ferguson and Velasquez",437.95,642
734,Jacket,14,Adidas,62.96,387
735,Extended foreground leverage,16,"Mays, Holt and Smith",418.33,978
736,Switchable exuding hub,5,Taylor Group,52.02,777
737,Reduced interactive array,8,Ray Ltd,188.21,911
738,Jacket,2,Levi's,438.74,68
739,T-Shirt,27,Adidas,361.81,198
740,Smartphone,15,Samsung,143.64,449
741,Re-engineered reciprocal superstructure,22,Silva and Sons,339.52,182
742,Profit-focused multi-state leverage,8,Cook-Watkins,227.72,581
743,Laptop Pro,12,Sony,181.54,360
744,Polarized mobile forecast,26,"Hoffman, Barber and Bell",344.84,590
745,Dress,27,Levi's,466.31,930
746,Optimized client-server emulation,10,"Ward, Garcia and York",284.36,892
747,T-Shirt,2,Levi's,160.91,778
748,Switchable next generation extranet,13,Martinez PLC,96.17,226
749,Re-contextualized disintermediate process improvement,26,Acosta Ltd,236.85,634
750,Devolved scalable success,11,Brady-Parker,433.1,733
751,Horizontal web-enabled parallelism,4,Patton-White,355.28,354
752,Reactive system-worthy support,26,Reynolds-May,323.12,107
753,Jeans,14,Nike,362.65,426
754,Dress,27,H&M,464.81,394
755,Universal system-worthy Internet solution,10,Chapman-Woods,360.94,488
756,Advanced dedicated artificial intelligence,21,"Mullins, Perry and Watson",413.82,161
757,Right-sized 3rdgeneration utilization,6,Fox-Potts,102.85,98
758,Robust tertiary approach,6,Phillips PLC,39.2,778
759,Intuitive reciprocal collaboration,17,Madden Ltd,472.82,843
760,Profit-focused impactful model,26,Allen-Conrad,264.07,924
761,Object-based full-range intranet,16,Hall-Davidson,282.41,696
762,Headphones Ultra,12,Samsung,182.12,451
763,Re-engineered explicit analyzer,9,Brooks PLC,146.26,342
764,Cross-group clear-thinking methodology,19,Watson-Brown,206.97,471
765,Operative demand-driven adapter,23,Cameron-Klein,326.4,38
766,Re-engineered human-resource installation,28,"Ochoa, Berger and Jacobson",479.4,718
767,Switchable 3rdgeneration open system,6,Davis-Harper,371.72,575
768,Smartphone Pro,12,Apple,473.44,819
769,Grass-roots dedicated hierarchy,26,"Walker, Henry and Wright",81.66,130
770,Down-sized clear-thinking implementation,20,Valenzuela-Hurley,441.71,940
771,Cross-group mobile process improvement,5,Gonzalez-Manning,36.35,889
772,Profound full-range core,7,Leonard-Ho,78.58,577
773,Cloned mission-critical projection,10,Cole-Wright,186.4,599
774,Multi-lateral background emulation,10,Adams Group,381.35,56
775,Implemented grid-enabled budgetary management,6,Lang Group,262.12,856
776,Seamless national Internet solution,19,Knapp-Brown,9.97,165
777,Robust responsive forecast,23,Morris Group,11.64,528
778,Adaptive 24/7 Graphic Interface,8,Herman and Sons,428.19,367
779,Business-focused content-based hub,22,"King, Clayton and Ruiz",318.16,980
780,Jacket,27,Levi's,228.67,342
781,Monitored background archive,26,Ballard-Costa,128.31,322
782,Dress,2,Levi's,367.59,840
783,Enhanced static archive,21,Phillips-Pearson,10.81,333
784,Laptop Ultra,1,Apple,247.85,856
785,Robust regional algorithm,18,"Black, Mccoy and Williams",57.23,90
786,Laptop,1,Apple,171.89,630
787,Diverse 5thgeneration concept,8,Warren-Owen,91.44,311
788,Re-engineered directional website,24,"Richard, Mccoy and Schultz",48.83,647
789,Grass-roots value-added Internet solution,16,"Ellis, Adams and Duncan",281.56,872
790,Visionary human-resource core,22,Shaw Ltd,343.69,710
791,Integrated dedicated capacity,22,Yates-Joyce,318.43,471
792,Sharable full-range productivity,16,Beck Group,434.37,642
793,T-Shirt,14,Nike,91.33,824
794,Secured motivating encoding,3,Garcia Inc,139.5,177
795,Grass-roots dedicated complexity,16,"Delacruz, Jackson and Diaz",125.91,647
796,Persevering tangible budgetary management,23,"Jenkins, Steele and Harrington",25.12,180
797,Face-to-face discrete parallelism,7,"Watson, Powell and Bray",5.38,874
798,Sharable tertiary hub,4,Pitts Inc,115.29,476
799,Visionary holistic definition,4,Novak Inc,476.11,406
800,Customer-focused fault-tolerant leverage,22,Lopez-Glenn,146.29,46
801,Seamless 24/7 open system,22,Woods-Liu,47.81,488
802,T-Shirt,14,Nike,245.32,823
803,Decentralized secondary secured line,16,"Barry, Drake and Perez",206.74,465
804,Smartphone Ultra,1,LG,348.11,800
805,Operative value-added focus group,23,Willis-Best,177.09,451
806,Phased client-driven paradigm,26,Smith Inc,492.04,801
807,Polarized motivating system engine,7,Rodriguez and Sons,336.24,585
808,Ergonomic optimal paradigm,11,"Fernandez, Mccarty and Gonzalez",82.98,472
809,Re-contextualized 6thgeneration access,4,Miller Inc,33.89,817
810,Secured optimizing open system,18,Shaw-Hill,294.67,174
811,Persistent incremental extranet,3,Davis and Sons,421.05,423
812,TV Ultra,12,Sony,284.37,773
813,Profound grid-enabled methodology,18,"Olson, Brewer and Rodriguez",339.49,192
814,De-engineered heuristic framework,24,Fisher Ltd,350.08,730
815,Total modular projection,9,Robinson-Williams,298.62,828
816,Reactive solution-oriented encryption,22,Martin-King,188.71,146
817,Self-enabling upward-trending time-frame,8,"Davis, Elliott and Shaffer",171.99,97
818,Smartphone,12,Sony,374.49,594
819,TV,12,LG,142.55,826
820,Smartphone Max,15,LG,293.38,918
821,Headphones Pro,15,LG,216.85,101
822,Headphones Max,15,Sony,85.12,686
823,Function-based actuating definition,16,Baker Ltd,395.43,510
824,Multi-tiered impactful projection,18,Bennett-Lopez,237.94,248
825,Smartphone Max,12,Samsung,282.62,150
826,Enhanced exuding archive,19,"Bishop, Gonzalez and Carrillo",181.68,859
827,Robust multi-tasking firmware,28,Hill-Potter,142.16,861
828,Balanced responsive open architecture,21,Pineda Ltd,280.28,875
829,Grass-roots systemic array,17,"Underwood, Spence and Wyatt",179.69,182
830,Headphones,12,Sony,178.21,491
831,Self-enabling bi-directional productivity,16,Fernandez Ltd,412.38,118
832,Jacket,2,Levi's,175.37,136
833,Virtual empowering matrix,8,Grant and Sons,100.04,134
834,Monitored transitional core,26,Carlson PLC,353.8,199
835,Jacket,27,H&M,370.36,901
836,Organic eco-centric process improvement,21,"Adams, Thompson and Cowan",49.43,212
837,Robust dedicated complexity,16,Wilson-Smith,436.44,204
838,User-centric human-resource success,7,Cole-Hodges,19.68,453
839,Front-line optimal frame,3,Blackwell PLC,445.63,389
840,Jeans,14,Nike,75.74,359
841,Self-enabling zero administration budgetary management,24,Alexander-Lynch,326.11,399
842,Headphones,1,LG,12.78,323
843,Managed holistic product,24,Wilson Ltd,242.76,187
844,Dress,14,Adidas,5.12,943
845,Progressive intangible contingency,11,Pierce Ltd,498.54,463
846,Headphones Pro,12,Sony,253.61,157
847,Laptop Max,12,Samsung,333.2,91
848,Re-engineered real-time open architecture,21,"Cox, Porter and Kim",359.31,922
849,Adaptive logistical flexibility,19,Arellano-Garcia,279.47,702
850,Cross-platform heuristic ability,19,Carter-Jenkins,437.1,2
851,Programmable 24/7 orchestration,28,"Lowe, Evans and Scott",32.14,138
852,Face-to-face cohesive solution,26,Le LLC,389.23,89
853,Right-sized motivating synergy,21,Garcia-Arellano,144.27,895
854,Object-based scalable Graphic Interface,4,"Villa, Franklin and Rogers",344.81,483
855,Jacket,14,Levi's,30.94,44
856,Automated exuding orchestration,25,Rodriguez-Nichols,485.91,415
857,Multi-layered executive software,13,Jones-Sweeney,54.39,2
858,Dress,27,Levi's,283.66,712
859,Face-to-face mission-critical analyzer,23,"Lewis, Walton and Anthony",200.94,754
860,Exclusive 6thgeneration flexibility,18,"Barton, Ross and Le",129.37,128
861,Horizontal explicit budgetary management,25,Higgins and Sons,350.3,151
862,Compatible bandwidth-monitored circuit,9,Mcdowell and Sons,371.3,892
863,Horizontal full-range support,10,Taylor PLC,246.84,542
864,Upgradable disintermediate strategy,21,"Alexander, Singh and Williams",450.85,309
865,User-friendly zero-defect benchmark,5,"Smith, Howard and Gomez",182.65,691
866,Seamless object-oriented middleware,21,Hammond-Spears,110.29,5
867,Re-engineered bandwidth-monitored contingency,10,Lee-Taylor,397.8,187
868,Managed 4thgeneration challenge,9,"Diaz, Gutierrez and Clay",7.88,574
869,Future-proofed upward-trending help-desk,11,Donaldson-Hensley,317.47,945
870,Innovative well-modulated capability,26,"Gardner, Reeves and Bennett",55.7,984
871,TV,12,Sony,178.11,811
872,Quality-focused non-volatile attitude,4,Lopez-Wood,46.41,871
873,Jeans,14,H&M,438.38,926
874,Re-engineered zero tolerance analyzer,28,Bush-Carter,50.44,91
875,Dress,14,H&M,399.36,73
876,Down-sized content-based challenge,11,"Romero, Hall and Thompson",107.88,681
877,Business-focused secondary encryption,22,"Olson, Huffman and Mitchell",164.27,299
878,Extended methodical customer loyalty,20,Salazar and Sons,77.16,466
879,Digitized upward-trending software,5,Lee-Garrison,368.76,272
880,Pre-emptive high-level productivity,28,"Turner, Hernandez and Campbell",497.83,703
881,Implemented discrete hardware,22,Shaffer-Cortez,285.48,807
882,Self-enabling responsive Internet solution,5,Sanchez PLC,236.51,267
883,Customer-focused secondary product,23,"Mccoy, Davis and Cruz",329.92,150
884,Re-contextualized neutral hierarchy,28,Barber-Nichols,41.1,30
885,Down-sized cohesive structure,18,"Benson, Richards and Davila",278.59,44
886,Laptop,12,Sony,404.02,201
887,Re-contextualized well-modulated contingency,28,Edwards LLC,34.19,864
888,Configurable 3rdgeneration matrices,23,"Mcbride, Montgomery and Campbell",127.59,319
889,Phased explicit approach,28,"Montoya, Silva and Prince",146.44,474
890,Reverse-engineered logistical strategy,28,Petersen Ltd,434.29,769
891,Re-engineered intangible core,19,Bryant and Sons,94.92,835
892,Dress,14,Nike,142.35,599
893,Grass-roots bandwidth-monitored success,10,Ross Inc,64.44,618
894,Ergonomic eco-centric productivity,5,Knox Ltd,245.09,504
895,Monitored optimal protocol,7,Williams Group,267.22,396
896,Laptop,1,Samsung,107.79,845
897,T-Shirt,2,Levi's,365.79,954
898,Jeans,27,Levi's,92.54,160
899,Polarized non-volatile hardware,21,Bradley-Palmer,358.25,123
900,Compatible coherent toolset,10,King Ltd,31.06,386
901,Smartphone Max,1,Samsung,28.11,708
902,Horizontal tangible workforce,23,Reynolds-Campbell,22.17,163
903,Virtual next generation application,4,"Spencer, Bowers and Myers",465.0,98
904,Reactive upward-trending algorithm,20,Marks-Moore,439.47,47
905,Pre-emptive homogeneous instruction set,8,Collins-Reed,193.56,274
906,Seamless local architecture,28,Hartman-Heath,240.81,119
907,Innovative scalable software,11,Lee Group,418.11,745
908,Diverse multi-tasking task-force,4,Li PLC,23.34,840
909,Managed local superstructure,7,Li-Butler,275.88,235
910,Innovative analyzing protocol,20,Hardin-Parker,373.5,860
911,Jacket,27,Nike,317.87,797
912,Headphones Pro,1,Sony,496.46,303
913,Phased systemic knowledgebase,28,Moreno Group,205.59,938
914,Exclusive analyzing ability,18,"Lewis, Jones and Martinez",125.46,18
915,De-engineered optimizing customer loyalty,24,Armstrong-Brooks,440.24,908
916,Secured exuding migration,20,Gray Inc,453.5,799
917,Enterprise-wide empowering implementation,11,"Pope, Barker and Gill",194.1,940
918,Triple-buffered multi-tasking protocol,10,Moody-Lang,97.62,762
919,Advanced directional solution,3,Gonzalez-Eaton,238.36,952
920,Vision-oriented asymmetric capacity,5,"Jones, Bond and Riley",370.36,707
921,Decentralized demand-driven firmware,17,Williams-Suarez,346.57,107
922,Smartphone Max,12,LG,376.2,682
923,Vision-oriented systemic functionalities,7,Cook-Foster,159.98,80
924,Devolved discrete solution,6,Wilson-Hansen,436.46,188
925,Universal methodical flexibility,13,Morales-Anderson,318.42,213
926,TV Ultra,15,LG,323.18,474
927,Ameliorated demand-driven extranet,4,"Jackson, Williams and Barton",253.62,31
928,Configurable attitude-oriented portal,17,"Koch, Francis and Horn",346.19,129
929,Jeans,2,H&M,422.86,166
930,Cross-platform value-added matrices,22,Smith-Taylor,306.2,972
931,Switchable neutral flexibility,10,Underwood-Thornton,337.31,910
932,Profit-focused global knowledgebase,11,Roberts LLC,101.61,914
933,Operative upward-trending framework,13,Hernandez PLC,498.04,215
934,Seamless reciprocal circuit,10,Harris-Aguilar,356.86,885
935,Synchronized clear-thinking ability,20,"Carlson, Berry and Smith",25.35,844
936,Configurable background capability,25,Baker Inc,51.61,253
937,Programmable 6thgeneration budgetary management,26,Carlson Group,98.18,486
938,Reduced fresh-thinking product,3,Ellis-Poole,153.06,801
939,Face-to-face 5thgeneration time-frame,19,Chandler PLC,132.2,934
940,Smartphone Ultra,1,Samsung,344.95,865
941,Managed client-server hardware,6,Jackson and Sons,191.92,381
942,Cross-group disintermediate project,28,Cobb-Anderson,200.01,206
943,Secured intangible matrix,9,Garcia-Jackson,484.28,822
944,De-engineered system-worthy structure,4,Dennis PLC,333.21,959
945,Laptop Max,15,LG,318.55,51
946,Re-contextualized demand-driven solution,9,Garcia-Hernandez,450.09,820
947,Assimilated stable policy,7,"Snyder, Green and Williams",16.17,334
948,Cloned user-facing projection,24,Franco PLC,57.45,213
949,Switchable cohesive solution,9,"Black, Robinson and Mills",374.22,785
950,Enterprise-wide neutral Internet solution,4,Smith and Sons,77.9,953
951,Fundamental disintermediate parallelism,8,Rodriguez-Johnson,296.56,512
952,Upgradable multi-tasking attitude,28,"Patrick, Stanton and Willis",163.7,667
953,TV Pro,1,Sony,444.32,352
954,Extended dynamic core,23,Ellison Ltd,289.66,980
955,Optional disintermediate methodology,25,"Hanson, Spears and Perez",458.94,461
956,Jacket,14,Adidas,10.12,601
957,Right-sized encompassing hub,3,"Garcia, Thomas and Johnson",347.23,197
958,Cloned attitude-oriented core,11,Price LLC,468.07,484
959,Operative bottom-line model,19,Robinson-Sims,194.46,167
960,Robust web-enabled interface,4,"Williams, Meyer and Hanson",69.56,481
961,Headphones Max,15,Samsung,35.85,176
962,Ergonomic multimedia encryption,18,Young-Morales,456.86,450
963,Enhanced even-keeled encryption,11,Franklin-Martinez,405.41,934
964,Visionary explicit matrices,11,Galvan and Sons,149.36,873
965,User-centric exuding projection,22,Palmer PLC,28.3,996
966,Smartphone Pro,15,Sony,414.89,358
967,Reactive 5thgeneration protocol,7,"Russell, Meyer and Wise",100.45,612
968,Triple-buffered 24hour monitoring,24,Thomas-Baker,230.26,186
969,Automated real-time capability,28,Robbins-Ramirez,142.73,187
970,Adaptive motivating moratorium,19,"White, Benson and Rogers",313.93,832
971,Upgradable 6thgeneration model,10,Hale Ltd,332.52,264
972,Jeans,27,Adidas,102.65,891
973,Robust intermediate orchestration,19,Ward and Sons,293.17,83
974,Multi-layered intermediate open architecture,17,Hayden LLC,361.09,128
975,Polarized fresh-thinking matrix,17,Thompson-Holmes,72.57,569
976,Switchable explicit website,23,"Martin, Woods and Davis",211.82,999
977,Extended maximized Internet solution,26,"Ramirez, Smith and Acosta",423.71,44
978,Jeans,27,H&M,32.67,677
979,Profound eco-centric algorithm,11,"Fisher, Gonzalez and Thornton",311.92,362
980,Open-architected scalable forecast,7,Blanchard Inc,63.47,180
981,Smartphone Ultra,15,LG,92.72,540
982,Persevering multi-state task-force,24,Murray-Willis,93.36,526
983,Jacket,27,Nike,304.62,918
984,Jeans,14,Adidas,392.13,508
985,Visionary holistic structure,28,"Neal, Brown and Ramirez",368.43,931
986,Open-architected stable encryption,11,Tucker PLC,344.17,608
987,Streamlined mobile policy,8,Brown-Smith,442.19,455
988,Multi-lateral intermediate extranet,24,Hernandez-Calderon,331.56,432
989,Automated well-modulated alliance,25,Dunn Ltd,208.08,740
990,Laptop,1,Apple,476.59,99
991,Devolved 4thgeneration core,3,Watkins Ltd,209.41,926
992,Jeans,2,Adidas,423.78,370
993,Universal human-resource knowledge user,4,Mcpherson-King,253.32,417
994,Persevering logistical approach,5,Madden Inc,7.89,212
995,Customizable explicit model,24,Rodgers-Murray,389.56,147
996,Self-enabling mission-critical definition,5,Mayo LLC,157.75,354
997,Secured client-driven array,10,White PLC,74.29,404
998,TV Ultra,1,LG,198.3,705
999,Streamlined exuding knowledgebase,11,"Roberts, Bell and Garcia",238.87,888
1000,Devolved asymmetric success,4,"Mcpherson, Woods and Jones",29.34,672
1001,Smartphone Max,1,Samsung,61.16,558
1002,TV Max,1,Sony,303.36,54
1003,Reduced stable pricing structure,6,Fitzpatrick PLC,108.81,805
1004,Dress,27,Levi's,239.92,91
1005,Switchable dynamic system engine,9,Huffman-Cox,333.84,815
1006,User-friendly system-worthy utilization,13,Peck Inc,142.86,252
1007,Exclusive encompassing collaboration,3,Nguyen-Austin,393.71,327
1008,Dress,2,Levi's,123.55,565
1009,Up-sized national forecast,7,Wright-Key,54.37,75
1010,Multi-lateral intangible challenge,22,"Cardenas, Hoffman and Donovan",295.27,149
1011,Profound non-volatile archive,17,Lopez-Lopez,41.58,728
1012,Assimilated logistical paradigm,4,"Heath, Orr and White",114.76,35
1013,Optional needs-based algorithm,23,Contreras PLC,164.44,675
1014,Profound well-modulated extranet,16,Collier-Mcdonald,394.05,29
1015,Front-line radical hierarchy,8,Powell-Aguilar,394.95,190
1016,Virtual leadingedge system engine,4,Mcguire PLC,14.69,154
1017,Adaptive leadingedge concept,20,Mitchell-Sutton,24.43,903
1018,Business-focused asymmetric encoding,22,"Davis, Silva and Mitchell",303.32,657
1019,Digitized zero-defect groupware,16,King-Bonilla,110.1,507
1020,Fully-configurable value-added projection,3,"Ford, Torres and Walker",349.09,472
1021,Cloned human-resource matrices,26,"Yates, Pruitt and Stanley",231.81,24
1022,Inverse context-sensitive synergy,13,White Group,422.62,285
1023,Laptop Pro,1,Apple,286.81,729
1024,Profit-focused maximized algorithm,4,Mitchell LLC,492.32,909
1025,Virtual disintermediate system engine,21,Thompson-Lawson,438.76,193
1026,Synergized asymmetric function,24,Hayes-Patel,222.19,930
1027,Secured discrete algorithm,18,"Thomas, Hernandez and Benson",436.55,227
1028,Persevering eco-centric firmware,4,Lewis-Woods,388.72,155
1029,Jacket,2,Levi's,399.53,244
1030,Inverse logistical knowledgebase,22,Hudson Group,380.97,121
1031,Dress,14,H&M,403.27,824
1032,Up-sized zero-defect archive,25,Hammond-Gonzalez,157.92,586
1033,Smartphone Ultra,12,Sony,442.19,320
1034,Persistent client-driven hub,18,Rice-Allen,183.19,212
1035,T-Shirt,27,Nike,15.68,94
1036,Self-enabling executive task-force,25,"Herring, Stevens and Carter",392.59,962
1037,TV Pro,1,Sony,9.06,755
1038,Profound 3rdgeneration collaboration,11,Knight-Small,292.3,636
1039,TV Ultra,12,Samsung,208.73,194
1040,Public-key cohesive ability,7,Russell and Sons,87.4,442
1041,Optimized executive throughput,28,"Edwards, Reid and Lindsey",137.97,812
1042,Diverse web-enabled throughput,20,Hernandez-Johnson,495.22,561
1043,Focused upward-trending success,23,Smith Ltd,435.22,932
1044,Monitored zero tolerance secured line,26,Rubio-Wagner,370.01,901
1045,Public-key object-oriented framework,20,Jordan Inc,205.88,64
1046,Customizable didactic hardware,8,Reed-Barr,333.98,418
1047,Laptop Max,12,LG,426.99,201
1048,Multi-channeled high-level infrastructure,19,Goodwin PLC,112.12,832
1049,User-centric optimal access,25,Brown LLC,252.28,886
1050,Fully-configurable cohesive definition,19,Taylor PLC,49.69,682
1051,T-Shirt,27,H&M,210.89,528
1052,Digitized incremental firmware,18,Le and Sons,307.08,702
1053,Programmable modular framework,20,Brown Group,31.85,335
1054,Persevering 24hour productivity,7,"Huerta, Griffin and Tate",472.09,393
1055,Distributed cohesive projection,9,Johnson PLC,130.9,580
1056,Dress,2,H&M,343.8,940
1057,Exclusive actuating interface,8,Evans-Hobbs,486.15,414
1058,Grass-roots bandwidth-monitored solution,17,Ray and Sons,59.0,712
1059,Enterprise-wide disintermediate groupware,13,Hunter-Stanley,62.29,631
1060,Triple-buffered systemic open architecture,21,"Mitchell, Zimmerman and Lloyd",372.32,731
1061,Team-oriented multi-tasking methodology,20,Ryan Inc,71.95,877
1062,Team-oriented zero administration parallelism,9,"Hunt, Smith and Wilson",266.15,854
1063,Multi-lateral needs-based capacity,10,Trevino-Calhoun,51.64,736
1064,TV,15,Sony,326.07,319
1065,Optimized next generation emulation,19,Silva Ltd,296.39,830
1066,Down-sized client-server synergy,4,Holland LLC,123.93,666
1067,Jeans,27,Levi's,179.49,459
1068,Extended intangible complexity,9,"Jordan, Marsh and Liu",116.13,668
1069,Vision-oriented multi-state Graphical User Interface,26,Goodwin-Hayes,292.06,870
1070,T-Shirt,14,H&M,138.05,866
1071,Public-key uniform open system,20,"Rowland, Harrington and Wilson",207.39,817
1072,Optional directional functionalities,7,"Stewart, Stevens and Sutton",45.6,677
1073,Laptop Pro,12,Sony,391.29,723
1074,Quality-focused 3rdgeneration info-mediaries,21,"Ball, Arnold and Wagner",393.38,682
1075,Headphones Ultra,12,Sony,484.96,475
1076,Secured 3rdgeneration definition,11,Clarke and Sons,283.07,310
1077,T-Shirt,27,Nike,312.67,325
1078,Re-contextualized hybrid productivity,21,Snyder-Lewis,123.08,585
1079,Balanced 5thgeneration extranet,13,Ross-Little,366.21,195
1080,Organized explicit help-desk,13,Baker Group,141.39,808
1081,Multi-tiered demand-driven strategy,22,Potter-Davis,199.15,847
1082,T-Shirt,14,Nike,62.2,301
1083,Grass-roots incremental superstructure,7,"Curtis, Montgomery and Andrade",76.12,112
1084,Universal multi-state hierarchy,18,"Alvarez, Taylor and Davis",475.11,896
1085,Down-sized dedicated hardware,17,"White, Sherman and Franklin",473.49,434
1086,Ergonomic value-added knowledge user,3,"Williamson, Reyes and Velazquez",58.73,524
1087,Digitized dynamic firmware,5,Tate LLC,380.98,666
1088,Re-engineered actuating open system,4,Hancock-Chandler,476.36,732
1089,Multi-tiered motivating matrices,19,Kelly-Chavez,277.11,116
1090,Laptop Ultra,15,LG,274.89,496
1091,Laptop Ultra,1,LG,182.4,152
1092,Multi-tiered optimizing adapter,4,Small-Gillespie,270.77,465
1093,Grass-roots global support,22,"Cooley, Wilson and Garcia",30.52,552
1094,Persevering exuding hardware,4,"Santana, Smith and Hutchinson",91.97,100
1095,Up-sized needs-based intranet,25,"Gallagher, Marsh and Gutierrez",260.12,430
1096,Inverse explicit hub,4,Glass-Brooks,342.97,218
1097,Pre-emptive neutral strategy,22,Richardson-Peterson,48.97,864
1098,Jeans,27,H&M,165.73,193
1099,T-Shirt,2,Adidas,413.08,596
1100,Jeans,14,Adidas,44.04,797
1101,Smartphone,12,LG,280.18,114
1102,Fundamental leadingedge hierarchy,21,"Ramirez, Smith and Whitaker",81.85,868
1103,Triple-buffered stable migration,10,"Stein, Conway and Schwartz",234.87,761
1104,Quality-focused mission-critical framework,19,"Cross, Gordon and Lewis",76.31,860
1105,Jacket,27,Nike,53.26,962
1106,Triple-buffered static analyzer,6,"Castaneda, Norman and Kennedy",294.64,579
1107,Polarized transitional definition,26,Fields Group,489.38,867
1108,Pre-emptive content-based knowledgebase,22,Wade-Marquez,56.71,207
1109,Jacket,2,Nike,243.69,787
1110,Devolved tertiary collaboration,23,Green-Webb,281.94,124
1111,Operative zero administration methodology,7,"Craig, Erickson and Marshall",302.69,505
1112,Laptop Ultra,1,LG,312.35,835
1113,TV,12,Apple,225.21,872
1114,Streamlined 4thgeneration matrix,23,"Johnson, Hoffman and Gonzalez",110.82,102
1115,TV Ultra,12,LG,170.34,888
1116,Smartphone Pro,1,LG,389.93,177
1117,User-centric value-added pricing structure,9,Hudson-Long,373.65,992
1118,Inverse multi-state strategy,17,"Smith, Flores and Galloway",433.07,655
1119,Quality-focused holistic challenge,4,"Ross, Brown and Mcclure",340.49,51
1120,Configurable multimedia Local Area Network,10,"Thompson, Hines and Wright",186.86,942
1121,Business-focused optimal success,8,"Pace, Cortez and Wilkinson",139.88,675
1122,Horizontal executive service-desk,5,"Gomez, Rivas and Mathis",494.3,636
1123,Mandatory radical middleware,19,Adams Ltd,343.65,829
1124,Business-focused 6thgeneration Internet solution,18,Gonzales-Hall,230.16,63
1125,Synergized value-added function,16,"Kirk, Hawkins and Lopez",370.47,450
1126,Fundamental stable attitude,18,Harvey-Hanson,116.21,488
1127,Right-sized asynchronous analyzer,13,Shepard-Harris,192.96,540
1128,Digitized scalable Local Area Network,20,Scott Inc,379.75,861
1129,Jeans,14,H&M,462.85,961
1130,Persistent next generation info-mediaries,5,"Hill, Hubbard and Brady",496.7,967
1131,Jeans,27,H&M,404.45,232
1132,Enhanced upward-trending groupware,19,"Allen, Adams and Simpson",200.16,975
1133,Multi-channeled client-server product,21,Craig-Davis,89.52,763
1134,Organic leadingedge time-frame,24,Villanueva LLC,379.26,838
1135,Fully-configurable content-based alliance,24,"Turner, Leon and White",276.31,86
1136,Organized interactive time-frame,10,"Wilson, Oneill and Cooper",319.55,740
1137,T-Shirt,27,Adidas,344.09,46
1138,Innovative exuding encoding,25,Martin Inc,125.9,636
1139,Smartphone Pro,15,Apple,167.43,871
1140,Programmable motivating benchmark,13,Short-Jones,347.71,864
1141,Reduced system-worthy workforce,16,Lutz PLC,260.18,887
1142,Cross-platform holistic ability,21,"Scott, Gregory and Trujillo",357.62,535
1143,Assimilated solution-oriented secured line,9,Hodge-Shah,149.86,771
1144,Persevering static matrix,8,Johnston-Ruiz,219.03,92
1145,Jeans,27,Adidas,191.45,652
1146,Team-oriented 24hour protocol,18,Harris-Cannon,301.88,55
1147,TV Ultra,1,Sony,144.58,121
1148,T-Shirt,2,Nike,98.46,538
1149,Decentralized dedicated contingency,5,Lopez Inc,242.03,473
1150,Re-engineered impactful Graphic Interface,17,Weaver-Williams,392.73,276
1151,Future-proofed asymmetric system engine,24,Morris and Sons,393.96,961
1152,Exclusive object-oriented time-frame,21,"Brown, Woods and Obrien",78.2,344
1153,Extended intangible moratorium,3,Price Group,394.78,816
1154,Balanced executive open system,20,Gross Inc,203.79,565
1155,Grass-roots 3rdgeneration contingency,28,"Wilson, Olson and Hernandez",110.01,762
1156,Configurable didactic utilization,13,"Knox, Liu and Bishop",81.63,630
1157,Switchable intermediate flexibility,18,"Norman, Smith and Mitchell",333.9,493
1158,Organic user-facing Graphical User Interface,28,Carney Group,369.3,132
1159,Compatible dedicated protocol,5,"Ayers, Elliott and Walsh",321.39,448
1160,Reactive global benchmark,18,Lindsey and Sons,404.47,126
1161,Organized system-worthy solution,17,Harrington Group,20.42,922
1162,TV Ultra,1,Sony,54.09,351
1163,Assimilated secondary hub,3,Burnett Ltd,419.26,625
1164,Multi-tiered object-oriented help-desk,20,Nguyen LLC,190.87,613
1165,Fundamental reciprocal encoding,3,"Keith, Simpson and Hernandez",328.64,654
1166,Open-architected fresh-thinking circuit,20,"Ramirez, Ray and Butler",460.75,518
1167,De-engineered background challenge,25,Cooper Inc,155.02,702
1168,Smartphone,1,LG,205.41,822
1169,Centralized uniform analyzer,3,Robbins LLC,61.44,322
1170,Fundamental even-keeled initiative,18,Lawson LLC,485.82,257
1171,Dress,2,H&M,192.28,796
1172,Grass-roots stable function,21,"Thomas, Dennis and Guerrero",295.79,190
1173,Open-architected multimedia intranet,23,Chavez LLC,459.39,658
1174,TV Ultra,15,Samsung,328.09,968
1175,Jeans,27,H&M,282.46,162
1176,Managed full-range middleware,4,Roberson Ltd,58.25,190
1177,Quality-focused multimedia extranet,5,Dixon Inc,193.3,403
1178,Expanded heuristic moratorium,22,"Morrison, Hardy and Washington",105.0,898
1179,Fully-configurable empowering firmware,22,"King, Compton and Sandoval",208.81,532
1180,Multi-lateral discrete open system,25,Jones-Allen,161.58,111
1181,User-friendly bandwidth-monitored benchmark,4,"Pollard, Harris and Barnes",283.35,922
1182,Jacket,2,Levi's,231.57,344
1183,Headphones Pro,15,LG,274.38,427
1184,Optimized background toolset,5,"Harris, King and Carter",429.67,520
1185,Innovative needs-based initiative,28,"Smith, Pennington and Jordan",129.31,113
1186,Customer-focused bi-directional attitude,8,Obrien-Brandt,358.53,521
1187,Automated scalable hardware,4,Walker Inc,67.48,586
1188,Profit-focused leadingedge Graphical User Interface,10,"Martin, Johnson and Case",467.07,280
1189,Sharable zero tolerance moderator,11,Garcia-Ibarra,30.18,241
1190,Devolved contextually-based instruction set,4,"Walker, Kelley and Vang",239.35,363
1191,TV Max,1,Sony,41.39,940
1192,Cloned 3rdgeneration open system,13,Miller-Hopkins,72.92,447
1193,Phased high-level Graphic Interface,21,"Reyes, Anderson and Mcdonald",340.23,308
1194,Optimized uniform middleware,3,"Garrett, Holland and Tapia",27.74,989
1195,Customer-focused zero-defect encryption,3,Conley-Pratt,363.63,220
1196,Compatible impactful focus group,22,Hayes and Sons,235.0,776
