customer_id,name,email,phone_number,address,registration_date
1,Bobby Hammond,radams@example.com,001-437-996-7110x9890,"275 Ortiz Junction, East Luis, NY 03997",2023-08-29
2,Jeffrey Velasquez,ashley30@example.org,(221)648-9851,"056 Theodore Street Suite 223, East Anthonybury, WV 09703",2023-04-09
3,Susan Bradley,judithhowell@example.org,472.290.2815,"048 Collier Inlet Apt. 548, West Sophia, OR 90944",2023-01-10
4,Megan Gamble,millerheather@example.com,511-745-6918x18675,"494 Ward Corners Apt. 037, New Brandyberg, DE 09772",2023-12-26
5,William Campos,plyons@example.org,001-926-867-6190,"6498 Ayala Court Apt. 691, Simsland, LA 73553",2023-11-01
6,Jacqueline Johnson,richardlee@example.com,3874437576,"9180 Crystal Rapid Apt. 141, East Connie, SD 13026",2023-12-07
7,Thomas Brown,gmartin@example.net,834.756.9581x1704,"9431 Madeline Glens Apt. 089, Kathrynview, CT 37065",2023-10-23
8,Anna Clarke,graymelanie@example.com,477.999.6168x212,"571 Sara Flat Apt. 836, North Michellefurt, DE 21223",2023-02-08
9,Antonio Barry,colinhuynh@example.net,994-855-0059x30976,"992 Pamela Meadow, Gregoryhaven, CA 93629",2023-05-23
10,Julian Klein,sara51@example.net,+1-900-719-8660,"Unit 8505 Box 3279, DPO AP 61697",2023-04-05
11,Nancy Flores,carolineharris@example.net,+1-371-667-8641x436,"32131 Alexander Plain, Jerryville, NV 12157",2023-07-17
12,Shannon Wilson,robert21@example.com,596-354-7365x22822,"875 Johnson Islands Suite 109, Dawnberg, KY 48984",2023-06-27
13,Angela Gamble,oscarwright@example.net,+1-866-515-6453x022,"40307 Mckinney Harbor, Kyleview, SD 07620",2023-04-09
14,Allison Edwards,obryan@example.net,820-305-2094x747,"43559 Kimberly Course, Phillipsbury, PR 11360",2023-05-12
15,Christopher Kim,oklein@example.net,624-412-2576,"420 William Lane Apt. 541, Paulport, MO 84144",2023-07-12
16,Kevin Montoya,timothywalker@example.net,346-980-5067,"6026 Nichols Pine, East Kelly, AK 34392",2023-07-09
17,Joshua Wall,kathleenmitchell@example.org,526.823.6280x52458,"USS Shaw, FPO AE 08830",2023-07-21
18,James Thompson,victorgreen@example.net,561.892.0539x0535,"PSC 8078, Box 7656, APO AA 18964",2023-11-19
19,Erik Harris,snyderseth@example.com,894.763.5838x645,"936 Watkins Rapids Suite 087, Amandamouth, KS 89992",2023-01-19
20,Allison Ross,deborah73@example.com,795-665-1817x809,"7275 Tom Loop Apt. 622, North Traceyhaven, PW 28268",2023-08-01
21,Terri Allen,traceylee@example.net,(405)497-7741x171,"2033 Jesus Causeway, West Bianca, WV 45318",2023-08-17
22,Brooke Lee,susanmccarthy@example.net,(863)680-8225x4868,"821 Goodman Springs, North Morganmouth, MT 02228",2023-10-28
23,Alexandria Hughes,aprilestrada@example.org,895-447-2004,"67943 Munoz Heights Apt. 696, Yuside, CA 01857",2023-05-30
24,Frank Coleman,wrightgloria@example.net,2554962576,"110 Katrina Run, Port Kimberlyport, LA 08400",2023-02-09
25,Tammy Johnson,maurice82@example.net,316-263-8748x48320,"617 Dawn Fort, Timothybury, IA 75780",2023-10-25
26,Darren Kramer,cartergregory@example.org,839-358-4393x4147,"162 Morgan Tunnel, Elizabethside, NC 74774",2023-05-07
27,Tyler Mendoza,fletcherrachel@example.org,(579)387-6025x4699,"USNS Davis, FPO AP 89897",2023-07-01
28,April Hernandez,ramirezjacqueline@example.com,(818)748-3552,"842 Kenneth Pike, Port Derekbury, CO 44958",2023-12-28
29,Zachary Cobb,twhite@example.com,708-270-2045,"74325 Perez Pass Apt. 145, Lake Amberfurt, LA 69381",2023-07-12
30,Gary Wilson,josephhenry@example.net,601.790.3542,"2345 Moore Trace, South Brianport, SD 22121",2023-03-05
31,Rebecca Hoover,russellkrystal@example.org,374-681-4119,"293 Gary Crossroad Apt. 958, Kristinamouth, VA 86900",2023-02-17
32,Patricia Carter,alexanderhampton@example.net,(373)331-0240x661,"97061 Courtney Oval Suite 352, Christophermouth, ND 92762",2023-11-09
33,Alan Lowe,xmurray@example.net,+1-815-524-9169x784,"998 John Lock Apt. 055, West Matthew, OH 62435",2023-10-01
34,Mary Martinez,sandovallouis@example.com,(420)247-1281x1996,"989 Teresa Circle, Gutierrezfort, LA 98322",2023-03-25
35,Melinda Taylor,joannakline@example.net,905-760-0555x31621,"0016 Reed Pines Suite 585, North John, MA 18778",2023-11-16
36,Joseph Walker,rlevy@example.net,(967)723-0712x248,"0966 Sarah Shores Suite 405, Sergiofurt, PA 85642",2023-02-04
37,William Hernandez,ykoch@example.net,(476)954-9172x152,"8575 Thomas Glen, East Yesenia, MN 61614",2023-05-11
38,Timothy Montgomery,martinezjon@example.com,001-556-513-4234x4732,"40275 Pearson Fork, East Brittanyfurt, OH 86305",2023-08-20
39,Joshua Clark,shelbygrant@example.com,+1-749-208-7750,"97040 Sandra Land Apt. 333, North Jonathan, WA 88402",2023-08-08
40,Mrs. Karen Mills,john61@example.org,811-822-0597x4333,"26642 Jenny Spur, Port Lindaburgh, WY 01148",2023-06-09
41,James Stark,lewisraymond@example.com,742.203.8687x317,"PSC 7700, Box 0831, APO AA 88480",2023-03-05
42,Cody Smith,joshua97@example.net,+1-861-912-0201x9122,"USNV Robinson, FPO AP 64001",2023-05-18
43,Joyce Mendez,daniel61@example.com,550-742-0516x92706,"56894 Steele Locks Suite 082, New Bryan, RI 71560",2023-05-10
44,Nicole Johnson,asullivan@example.org,423.468.6340x4561,"019 Joshua Drives, West Jasonmouth, AK 10834",2023-06-13
45,Vanessa Kim,hcampbell@example.com,536-236-6896x195,"58498 Amanda Forest, Port Lindsey, MD 99294",2023-02-22
46,Amy Shelton,kelly41@example.com,763.666.9683,"91638 Keith Turnpike Apt. 239, Lake Clinton, DE 62175",2023-12-20
47,Kathryn Myers,kedwards@example.net,402.448.6161x4456,"5602 Levine Village, South Allisonfort, TN 27258",2023-07-12
48,William Brown,ygarza@example.net,810.442.1819,"3713 Morris Extensions, Ortizfort, SC 55783",2023-08-07
49,Barbara Hogan,alicia42@example.com,+1-925-923-1980x6395,"0493 Andrew Rue Suite 964, Hansenburgh, MH 33458",2023-10-06
50,Mary Anderson,diazcynthia@example.org,6075259117,"7085 Williams Trafficway, New Marymouth, NJ 96735",2023-01-08
51,Melissa Hunt,wryan@example.net,320-753-0646x945,"511 Townsend Prairie Suite 281, Rodriguezchester, PR 25744",2023-08-20
52,David Castaneda,jensendanny@example.net,(869)371-3958,"1268 Butler Parks Apt. 313, Norrisbury, CT 85560",2023-09-18
53,Robin Rodriguez,wolfdaniel@example.net,(788)565-0795x625,"206 Keith Plains Apt. 058, Andrewsport, HI 90919",2023-08-12
54,Kathryn Obrien DDS,johnmiller@example.org,001-856-343-4393x54977,"56513 Saunders Circle, Williamsstad, CT 45736",2023-10-27
55,Joseph Lynn,rhill@example.net,922-799-8136x10740,"573 Reeves Court, Singhstad, CT 49956",2023-04-25
56,Tracy Garcia,hernandezamber@example.org,(716)863-4649x6834,"54102 Valerie Brooks Suite 533, Clarkbury, CA 81332",2023-09-20
57,Zachary Scott,kfarmer@example.com,756-874-1715,"41389 Amber Knolls Apt. 383, Ianmouth, LA 16828",2023-03-18
58,Christine Martinez,ramirezsteven@example.com,866-767-3173x81149,"7225 Anthony Roads, Nicoleside, AS 47222",2023-12-19
59,Matthew Lane,bsaunders@example.org,001-530-506-0810x361,"5710 Tamara Islands Suite 833, East David, ID 60665",2023-09-04
60,Dominique Rodriguez,tracey93@example.com,378-404-0237x71153,"02104 Rodriguez Shores Apt. 845, New Joyport, CT 92929",2023-08-04
61,Jack Potter,jessica29@example.com,630.981.5986x833,"Unit 1122 Box 9746, DPO AP 98585",2023-08-16
62,Thomas Peterson,ericbarnes@example.org,(941)395-7272x362,"50396 Judith Light Suite 624, East Brianmouth, PR 05390",2023-12-06
63,Gloria Dunn,mkeller@example.com,892.752.3315x0543,"30244 Julian Summit, Rodriguezberg, ME 23677",2023-04-26
64,Samuel Garcia,johnalexander@example.com,294.820.6989x409,"44388 Ruiz Motorway, Port Debbie, LA 14545",2023-03-03
65,Olivia Robles,danielle87@example.com,001-976-236-6196x446,"915 Parsons Forges Suite 251, Brownfurt, SC 68823",2023-06-28
66,Karen Welch,christine55@example.org,+1-737-447-7955,"0557 Robert Shore Suite 703, Lake Timothy, NM 74950",2023-09-29
67,Kyle Norton,brianlee@example.net,4487646518,"PSC 7947, Box 3520, APO AA 17328",2023-01-13
68,Sheila Thomas,tsimpson@example.net,513-687-6301,"618 Cynthia Stream Apt. 653, North Mary, NV 60838",2023-05-17
69,Austin Peterson,burkedouglas@example.com,+1-802-754-9501x91558,"0409 Scott Plain Suite 817, Lake Patrick, MP 25211",2023-11-14
70,Stephen Dunn,lancevang@example.org,3683711086,"65437 Gonzalez Drive, South Cassandra, OK 37350",2023-07-05
71,Daniel Martinez,steveneal@example.com,001-404-710-0354x6397,"376 Hines Passage Suite 891, Baileystad, UT 75939",2023-08-28
72,Martin Martinez,leemason@example.net,946-624-6375x03702,"423 Edwards Shores Suite 285, West Hollychester, AK 40435",2023-01-21
73,Elizabeth Valdez,melissagomez@example.org,2266046361,"20716 Fuentes River, Fernandezshire, NC 11459",2023-03-06
74,Lori Hoffman,ashleymorgan@example.com,593.458.6729,"5149 Grant Gardens Suite 545, Port Alexanderton, GA 72036",2023-01-13
75,Christian Wells,josephortiz@example.com,856.928.1009x4479,"3556 Sandra Lane Suite 312, Kimberlyberg, VA 62213",2023-02-10
76,Kari Reyes,johnprice@example.org,001-465-974-1175x1568,"848 David Views Suite 055, Oscarland, KS 18796",2023-04-03
77,Gabriel Hines,gwright@example.org,424.379.9194x785,"221 Bryant Parks, West Michael, FL 89402",2023-03-24
78,Carl Nicholson,andreawatts@example.com,214-288-4652,"USNV Hodges, FPO AP 61446",2023-02-15
79,Mackenzie Acosta,irussell@example.org,001-712-757-9225x2422,"5309 Mitchell Tunnel, New Rebecca, TN 40781",2023-05-11
80,Jamie Peterson,lindsaybecker@example.net,922.628.5475,"2115 James Road Suite 721, West Carmenborough, NH 16582",2023-12-01
81,Kelly Byrd,josevillarreal@example.com,+1-897-391-6606x11588,"846 Larry Plains Suite 847, South Philip, KS 43888",2023-11-12
82,Maureen Obrien,katherineburton@example.net,529.894.2437,"PSC 5600, Box 3050, APO AE 45212",2023-06-16
83,Tyler Cameron,fnewman@example.org,(395)602-6936,"PSC 2876, Box 8647, APO AE 55681",2023-05-26
84,Christopher Flores,wpollard@example.net,(631)287-2696,"99465 Michael Mountain, Ramirezhaven, OH 92238",2023-04-07
85,Shawn Cooke,whart@example.org,396-219-7481,"9478 Matthews Track Suite 990, Smithstad, TN 57729",2023-05-29
86,Troy Turner,anita05@example.org,854-487-5864x086,"9094 Jeremy Squares, Munoztown, AZ 81501",2023-10-21
87,Michael Mcfarland,zrichard@example.org,511-760-7008x9217,"Unit 3514 Box 2195, DPO AA 28348",2023-05-09
88,Tristan Anderson MD,julian12@example.com,+1-919-856-0579x44990,"968 Alison Crossroad, Cynthiaville, MP 40914",2023-08-29
89,Katherine Austin,pattersonjames@example.net,233-958-5559,"63366 Weeks Bridge, Port Olivia, PW 83394",2023-12-24
90,Alex Ramirez,justinberry@example.com,6909292093,"440 Chavez Streets Suite 989, Lake Catherine, MT 99857",2023-04-05
91,Shaun Butler,pfrancis@example.net,811.333.4464x152,"7210 Christopher Streets Apt. 047, East Jackie, OR 40302",2023-11-20
92,Dylan Ferguson,lpollard@example.net,+1-509-865-9519x790,"73436 John Lights Suite 951, Travisshire, CA 99253",2023-06-27
93,James Cordova,erica19@example.com,+1-904-522-0805x212,"612 Simon Roads Suite 064, East Danielberg, FL 60692",2023-09-12
94,Mark Garcia,phelpsjohn@example.com,715-883-3885,"2929 Mitchell Mountains, Lake Cristianchester, VA 49149",2023-12-12
95,Sarah Buchanan,amysolomon@example.net,294.724.4413x4105,"892 Bullock Flat Apt. 672, Hendersonfurt, MI 18511",2023-03-19
96,Tara Spears,walterrenee@example.com,+1-359-840-8361x4083,"01255 Brian Station Apt. 557, Johnshire, FM 10689",2023-01-07
97,Kurt Murphy,christian66@example.com,974.559.9303x118,"8863 Gomez River, Lake Michael, PA 51410",2023-09-27
98,Tammy Holmes,uyoung@example.net,001-721-805-6206x3018,"713 Christopher Mills, Walkertown, WV 22671",2023-07-22
99,Kimberly Banks,padillapatricia@example.org,955.246.9397,"233 Thomas Spurs Apt. 682, New Danielle, TX 66070",2023-06-30
100,Joe Newton,lucassteven@example.org,6459171793,"2159 Powell Squares, Aliciabury, VI 06794",2023-10-23
101,Zachary Dunn,megan47@example.net,845.373.6410,"6209 Black Manor, Turnerport, IL 27157",2023-03-26
102,Dennis Drake,charles38@example.org,001-895-734-7188x2201,"46032 Jamie Forest, Gibsonstad, NV 99342",2023-12-02
103,Manuel Stewart,jessicatate@example.org,(643)579-3726x9651,"1828 Wagner Village Apt. 723, West Michelle, MP 12799",2023-11-12
104,Madison Moore,christopherbyrd@example.net,276-848-5027,"4302 Mark Stream, Port Hunter, DC 06916",2023-07-09
105,Marissa Rodriguez,nicolejones@example.com,505.202.7882x185,"79915 Thompson Forest Suite 121, West Robertbury, NY 64923",2023-11-03
106,James Smith,mbuckley@example.net,222-484-0914x0497,"68787 Webster Rue, North Leefurt, PA 85286",2023-07-18
107,Jacob Schneider,kelli80@example.org,(724)481-3837,"Unit 8569 Box 5389, DPO AP 86368",2023-09-21
108,Vanessa Mcbride,keithwebb@example.org,001-921-502-6533x66885,"666 Anderson Cliffs Apt. 194, Lake Stephaniestad, WI 74646",2023-04-15
109,Whitney Stevens,kwatson@example.org,634.203.4657x2932,"3815 Powell Well, Patrickfurt, CT 44034",2023-04-17
110,April Carlson,kristin13@example.org,(369)283-7772,"98215 Ernest Curve, Brownport, FL 46644",2023-07-16
111,Jessica Cannon,antonio25@example.com,+1-359-373-5072,"USS Hughes, FPO AA 31090",2023-06-17
112,Regina Massey,rsmith@example.com,001-216-975-7963x28491,"0451 Francis Harbor, Nortonfurt, NM 55977",2023-06-07
113,Brenda Carter,birdmakayla@example.org,+1-591-560-1502x6007,"000 Richards Terrace Apt. 287, Jacobhaven, PA 05711",2023-05-21
114,Lisa Walters,aturner@example.org,948-231-3807,"Unit 8682 Box 4670, DPO AP 92195",2023-05-20
115,Amy Thomas,stephaniejones@example.com,465.668.9338,"2885 Tom Lakes Apt. 276, North Michaelside, RI 99734",2023-08-03
116,Jesse Cooper,williamsalan@example.net,614-729-1611x35027,"8829 Ellen Gateway, East Kellyland, AZ 70416",2023-06-09
117,Jessica Griffith,costajoseph@example.com,525-928-2608x6466,"9716 Dickerson Row, Fernandezville, ID 63108",2023-10-03
118,Jerry Lopez,joshualove@example.net,+1-570-307-6988,"012 Meghan Stream Apt. 159, Port Andrea, SD 63571",2023-04-23
119,Tammy Ortega,nicole91@example.net,653-845-6529x8246,"9643 Wallace Union Apt. 160, Haynesshire, HI 11330",2023-11-26
120,Samuel Cook,holmesmatthew@example.com,6936072175,"PSC 9143, Box 8720, APO AA 89713",2023-07-30
121,Rhonda Robles,vjones@example.com,868-870-7466x88341,"6524 Jeffrey Highway, Robinsonville, IL 99094",2023-08-16
122,Anthony Patterson,joseph91@example.com,+1-708-361-7038,"USS Frank, FPO AP 61629",2023-12-10
123,Valerie Harrison,michaelmontgomery@example.net,483-589-4129,"987 Castro Camp Suite 330, Murphymouth, MT 66804",2023-09-06
124,Kimberly Shah,livingstonjade@example.com,7708454975,"33149 Gonzales Hill Apt. 696, East Noah, KY 61868",2023-06-15
125,Sharon Graves,fgarcia@example.org,(884)515-1559x80208,"7102 Gordon Crescent, Lake Jessicahaven, MO 87253",2023-07-16
126,Trevor Snyder,wolfechristina@example.net,825.245.8426x4482,"3855 Wendy Island Suite 371, Ianside, OR 01664",2023-03-13
127,Roy Alvarez,cjenkins@example.com,647-845-9048x86681,"025 Bryan Well, Tamaraborough, PA 28832",2023-02-22
128,Justin Kelly,nmccoy@example.net,360.540.8133x19385,"69165 Melanie Tunnel Suite 189, West Jessica, LA 20825",2023-11-09
129,Betty Woods,diazjames@example.com,+1-468-601-3757x44577,"04756 Davis Island, New Ashley, VI 20184",2023-04-07
130,Angela Bruce,nthomas@example.net,001-951-860-1355x255,"998 Cole Drive, New Jacobbury, MI 71575",2023-09-16
131,Sean Lozano,lindseysmith@example.com,213.275.9649,"174 Hubbard Trail, Port Matthewchester, KY 61025",2023-10-19
132,Zachary Wilson,xdixon@example.org,509.581.3831x8328,"022 Katrina Hills Suite 019, Paulside, CA 58990",2023-01-14
133,Justin Perez,hendersonjohn@example.com,+1-214-266-9656x653,"530 Torres Trail, Diazborough, ME 94669",2023-10-22
134,Andrea Short,thomashubbard@example.org,565.869.5854x471,"Unit 3865 Box 9014, DPO AP 81789",2023-10-27
135,Rachel Solomon,tonyadunn@example.org,001-913-440-0483x4319,"28766 Cory Squares Suite 791, Kendrabury, WA 03985",2023-10-26
136,Eric Morris,andersonnatalie@example.net,+1-829-611-5342x23885,"Unit 1436 Box 4917, DPO AP 19406",2023-11-16
137,Jason Fletcher,nelsonthomas@example.com,(475)729-6583x876,"51984 Gilmore Corner Suite 586, Alexisport, MD 89941",2023-02-01
138,Jesus Lopez,penacaitlyn@example.com,(885)660-3420,"5124 Gutierrez Burgs Suite 281, Margaretburgh, LA 13271",2023-02-28
139,Chris Spencer,ktyler@example.com,001-891-377-5699x270,"334 Monroe Trail, Grantland, NJ 33383",2023-07-24
140,Angela Leonard,kcook@example.org,729.563.3260x40338,"667 White Avenue Suite 680, Rachelfurt, IN 07887",2023-09-06
141,Joseph Gray,bautistaveronica@example.org,(882)950-8269x83128,"34327 Mcknight Pass, Knightshire, NJ 97329",2023-04-06
142,Patrick Rogers,derek17@example.com,9562473826,"5731 Kelly Lodge Apt. 541, Cindyville, VT 06503",2023-07-04
143,Amy Bishop,moralespamela@example.com,576.269.0402,"5393 Rivera Grove Suite 962, Hectorside, MH 81798",2023-08-22
144,Richard Dunn,sandra65@example.com,(243)229-7859x43834,"646 Stephanie Village, Jenkinsburgh, WY 08656",2023-03-06
145,Andrea Keller,jason28@example.net,893.562.8635,"2920 Kelly Street Apt. 070, South Adam, SD 90705",2023-05-17
146,Nancy Houston,stacysnow@example.org,001-980-483-8669x5399,"511 Hancock Burgs Suite 735, West Adrienne, ME 04819",2023-01-25
147,Lisa Green,edwardlopez@example.net,001-322-738-4589x726,"Unit 6025 Box 3612, DPO AE 24541",2023-03-02
148,Lauren Torres,tarahardin@example.net,+1-519-936-1618x3013,"PSC 8624, Box 7066, APO AE 15967",2023-06-22
149,Megan Brennan,fprice@example.net,402.440.3165,"698 Catherine Square Apt. 256, South Christopherton, PA 41623",2023-11-29
150,Nathan Dunn,andrea45@example.com,820.656.4195,"8826 Ortiz Unions Apt. 231, Maciasbury, TN 94128",2023-12-25
151,Andrew Guerrero,youngchristopher@example.com,(749)700-2889x62266,"348 John Turnpike Apt. 856, East Michaelberg, VA 46191",2023-03-13
152,Steven Moody,alewis@example.org,+1-549-356-1458x6719,"25306 Amy Stravenue, Steinview, ME 89406",2023-11-24
153,Renee Robinson,catherine35@example.org,+1-958-405-4084x747,"86024 Ashley Shores, Stephanieborough, WV 82712",2023-12-14
154,Jennifer Barnes,davisjacob@example.net,6562357036,"Unit 2163 Box 5157, DPO AP 23433",2023-03-16
155,Debra Watson,martingarrett@example.com,746.521.8313x582,"22841 Frank Cove, Butlerchester, OR 56758",2023-06-29
156,Christine Schaefer,olsenjennifer@example.net,9728958434,"420 Johnson Haven, North Alexandraland, OH 93740",2023-01-29
157,Rebecca Johnson,joshuagarrison@example.net,4118562172,"22865 Shaffer Locks, North Stacy, VT 72867",2023-06-25
158,Lisa Blankenship,charding@example.com,(550)341-4363x75994,"8519 Jennifer Hollow, Harrismouth, NV 46948",2023-03-16
159,Marie Black,jenningsrachael@example.com,+1-245-401-9764x688,"388 Michelle Street, New Eric, FL 82888",2023-01-18
160,Jeanette Liu,zmartinez@example.com,(552)375-3732x607,"1052 Howard Isle, South Davidbury, MS 50043",2023-12-11
161,Rachel Johnson,tinaphillips@example.net,(761)308-0700x6799,"04630 George Light, East Tammy, LA 94344",2023-05-15
162,Nicole Wright,andradebradley@example.net,995-434-5105x277,"7461 Paul Fords, Lake Beth, MP 54091",2023-07-14
163,Julie Leblanc,blackburnandrew@example.com,580-787-2398x56588,"1655 Marcus Route, Robbinsmouth, NY 49258",2023-01-13
164,Christopher Dickson,rochaeric@example.com,(902)951-5397x8216,"PSC 1689, Box 9972, APO AE 42139",2023-08-25
165,Lindsey Owen,qtaylor@example.org,+1-851-781-7824x22248,"1120 Laura Locks, East Denise, WA 49089",2023-09-25
166,Donna Frank,robertdillon@example.net,001-543-436-7924x423,"17687 Kimberly Well Apt. 650, Jeffreychester, LA 45808",2023-02-01
167,Keith Newman,pmiller@example.org,+1-216-423-6815x00256,"95098 Sullivan Ford, Bradleytown, KY 40686",2023-02-23
168,Kevin Harding,sperry@example.com,571-860-9784,"2059 Bass Mount, Turnerfort, PA 65686",2023-02-24
169,William Hooper,crystal89@example.net,662-505-5811,"0994 Hamilton Vista, Perryland, KS 78303",2023-10-11
170,Lee Walls,sbradford@example.net,5468295942,"2187 Philip Points, Kaylahaven, WY 81646",2023-03-04
171,Philip Rangel,teresahernandez@example.org,(648)874-0732x323,"87964 Allen Village Suite 879, Kaisertown, KY 05069",2023-08-24
172,Paula Wang,tbryan@example.com,(346)704-5136x5877,"Unit 0886 Box 7847, DPO AP 52497",2023-11-20
173,Michael Lopez,erinbaker@example.org,552-932-9243x65580,"490 Atkins Keys Apt. 847, Port Crystaltown, NY 78902",2023-04-24
174,Megan Clark,holiver@example.com,9622156537,"PSC 4251, Box 2922, APO AE 80501",2023-02-09
175,Sheila Lamb,alexdawson@example.org,506.845.3176,"106 Kiara Ways, South Patriciamouth, NH 84495",2023-05-25
176,Jennifer Jordan,jodiflores@example.com,+1-816-791-1231x278,"8477 Nicole Prairie Apt. 069, East Cheryl, TN 22231",2023-08-10
177,Maria Hawkins,sabrinawells@example.org,249-427-1829x60113,"254 Dale Tunnel Suite 055, Lake Justin, IL 30801",2023-08-01
178,Douglas Benson,garyblack@example.org,+1-917-619-2814,"34559 Jared Canyon, Frederickside, ME 67960",2023-01-11
179,Tyler Patterson,reedlindsay@example.net,499.989.5365,"365 Randy Ways, South Jessica, AL 27902",2023-11-24
180,Cody Robinson,mariabright@example.org,(474)409-2842x466,"26183 Cole Drives Apt. 061, Wumouth, PA 85781",2023-09-01
181,Gabrielle Burton,ebonyjarvis@example.org,245-890-9042x163,"97201 Barker Rapid, New Susanhaven, AS 56491",2023-09-16
182,Melissa Scott,michaelmiller@example.com,(368)221-8397,"Unit 3727 Box 6973, DPO AP 52463",2023-01-18
183,Kelsey Burns,stephaniegross@example.net,967-212-2624x398,"0298 Sean Branch Apt. 516, Mooreborough, AZ 14830",2023-01-18
184,Sharon Ford,tyronemueller@example.net,001-582-944-4509x53811,"42700 Rodriguez Lights, Mendezville, LA 04015",2023-11-27
185,Andrew Sanders,lpayne@example.org,366-530-9037x52553,"369 Johnson Wall, West Cassandrahaven, AK 36864",2023-08-21
186,Julie Spencer,marcus98@example.net,340-581-9988x09579,"69471 David Isle, Sarahmouth, OH 45465",2023-05-20
187,Kelsey Martin,thomaslisa@example.com,(609)320-7577,"4847 Daniel Causeway Suite 773, North Danielmouth, WA 08505",2023-04-15
188,Maria Gonzalez,shawjessica@example.net,587.376.7392,"778 Williams Parkways Suite 532, Ibarraville, IN 65934",2023-08-25
189,Justin Williamson,christianbooth@example.org,001-809-757-1520x464,"PSC 6084, Box 8385, APO AP 89097",2023-04-16
190,Angelica Kelly,owolf@example.net,001-348-653-3102,"Unit 9834 Box 8569, DPO AE 31313",2023-06-24
191,Derek Moore,joneszachary@example.org,001-603-652-8862,"53447 Anthony Fork Suite 316, Matthewfort, DE 92414",2023-03-10
192,Jake Perez,ryan18@example.com,5302826977,"783 Mariah Shore Apt. 409, Lawrencemouth, GA 64673",2023-04-12
193,Joshua Blake,theodore79@example.net,(995)502-9913x3505,"07822 Romero Roads Apt. 646, South Christopher, FM 50078",2023-06-07
194,Jennifer Pierce MD,catherine58@example.org,001-417-603-6005x8555,"955 Steven Pines, Karatown, LA 99537",2023-06-12
195,Danielle Wells,bennettwendy@example.org,746.278.4313x0476,"8008 Dixon Streets, Lake Rebeccafurt, NM 13557",2023-11-03
196,Frederick Choi,suarezsamuel@example.org,(524)937-9342x99282,"3240 Becky Curve Suite 557, Lake Rebeccachester, NJ 34539",2023-11-30
197,Brianna Harper,hoganmichael@example.net,267.499.2303x938,"17518 Katrina Manors, Shannonbury, OH 98567",2023-02-16
198,Matthew Rodriguez,ericmurray@example.org,001-913-624-5643x42031,"63746 Proctor Skyway, East Anthonyside, PW 41111",2023-10-22
199,Christina Reyes,natalie31@example.net,(859)656-7777x3381,"62706 Tiffany Fork, North Rachael, DC 64738",2023-05-23
200,Carrie Barber,jonathangordon@example.org,3038359241,"0199 Smith Mountains Apt. 443, South Erichaven, ND 21748",2023-10-23
201,Joshua Lang,gregory60@example.org,(949)313-3748,"9041 Anderson Harbors Suite 417, Johnsonbury, MP 51588",2023-12-13
202,William Copeland,luke30@example.org,001-852-552-2268x2372,"90615 Natalie Lodge Apt. 962, North Christineton, AZ 48159",2023-12-22
203,Diana Wade,smithbrian@example.com,453-804-5574,"23347 Monroe Village, East Allisonmouth, FL 17181",2023-04-18
204,Danielle Lopez,ljackson@example.org,995.453.3450,"2159 Robert Forge, New Tiffanyhaven, WY 50386",2023-12-10
205,Rhonda Berger,adrianbaker@example.net,+1-541-522-1925x01577,"2998 Susan Locks, East Matthew, AL 55968",2023-10-11
206,Danielle Roach,angela18@example.net,001-908-836-0368x8998,"8384 Stark Harbors, Port Reneehaven, DC 00690",2023-12-15
207,Rhonda Mitchell,eberry@example.com,500-924-2451x1017,"73169 Mark Isle Apt. 061, East Jeffreyborough, OR 57157",2023-03-05
208,Brian Shaw,ashleywashington@example.net,001-631-456-4487x7242,"231 Andrews Neck, South Christineview, CO 41823",2023-05-25
209,Michael Scott,martinezanthony@example.com,(780)817-7365,"53445 Smith Trace, Deborahfurt, MS 74960",2023-08-30
210,Melissa Hayes,christopher07@example.net,963-223-3573x11205,"091 Richard Club, Patrickmouth, PA 92868",2023-03-25
211,Tyler Vargas,gonzalezmichael@example.net,556.664.6944x214,"4559 Brian Circle Apt. 412, East Katherine, OR 91477",2023-08-16
212,Alex Harper,nicole62@example.org,(718)744-9586x286,"7052 Phillip Walk, Tristanside, AS 19279",2023-02-05
213,Tracy Barton,seth71@example.net,456.519.9709x498,"9593 Gonzalez Mountain Suite 676, New Kevin, NM 93419",2023-04-17
214,April Blanchard,wellswillie@example.net,5142936702,"9249 Laura Highway Apt. 808, South Richardmouth, GU 40470",2023-02-20
215,Donald Mcguire,gregorywarren@example.org,001-914-932-9800,"210 Ray Crossing, Jamesburgh, DE 34609",2023-02-15
216,Bruce Holmes,austin79@example.org,(627)358-2199,"4301 Thornton Dale, Kristyfort, FM 18584",2023-04-11
217,Greg Armstrong,daniellefranco@example.com,001-729-929-6255x892,"6124 Darrell Well Apt. 108, Evansborough, NY 94726",2023-07-01
218,Michael Noble,robert05@example.net,971-275-9892x535,"67313 Noah Wall Suite 509, Lake Theodore, SD 82724",2023-07-15
219,Victoria Riley MD,zwilliams@example.com,+1-599-950-8088x179,"293 Sarah Mission, Michaelton, MT 64346",2023-04-13
220,Samantha Robinson,evansscott@example.com,(921)503-4974,"0135 Michael Pike Apt. 693, Mccoychester, MI 48928",2023-10-06
221,Richard Pace,gwelch@example.org,(816)421-7240,"2583 Melissa Club Apt. 278, North Michelle, WV 05131",2023-11-20
222,Katelyn Smith,daisyryan@example.net,+1-966-677-3475x5661,"621 Parker Turnpike Suite 462, East Briana, LA 50753",2023-01-31
223,Richard Cook,tony75@example.net,654.304.0313x026,"0080 Russell Trail, Lake Debra, DE 11475",2023-05-13
224,Dean Rogers,aaronmack@example.org,411-363-5219x4451,"48206 Laura Cape Apt. 937, North Daniel, WI 92285",2023-01-11
225,Charles Stewart Jr.,lisasmith@example.net,(313)493-2140x9540,"923 Christine Plains Suite 988, East Cherylmouth, SC 86223",2023-04-26
226,Stacy Barrett,steven24@example.com,819-891-9762,"839 King Field Suite 476, Kimberlyview, NC 88176",2023-07-15
227,Paula Mullins,harveykelly@example.net,444.259.2636x84701,"USNS Farmer, FPO AE 59390",2023-09-05
228,Veronica Lopez,ushah@example.com,+1-313-440-3513x65111,"09076 Michael Valleys, Weeksmouth, OH 15333",2023-10-21
229,Joseph Garcia,madisonrowe@example.org,001-348-322-0144,"7131 Keith Glen Suite 904, New Sheryl, CO 82430",2023-10-08
230,Mrs. Jill Smith,vgriffin@example.org,(543)342-9100x55840,"39725 Ruth Mills, Erikafort, GU 82377",2023-08-29
231,Brandon Lindsey,allennicholas@example.org,001-628-268-1965x661,"78540 Donna Corners Suite 729, Matthewville, NM 97161",2023-08-11
232,Eileen Brooks,hjones@example.com,533.207.4211x28186,"6888 Williams Camp Apt. 406, Ramirezbury, WY 00914",2023-07-26
233,Scott Howard,agonzalez@example.org,627.337.5466,"1702 Jared Creek Suite 630, South Emilystad, MI 19537",2023-07-27
234,Jesse Watson,christophermartinez@example.org,254.358.9850,"2917 Greene Rue, South Teresa, OH 47772",2023-01-31
235,David Harris,taylorchristie@example.org,365-409-4147x521,"1437 Ford Inlet Apt. 185, Port Melissa, VT 16001",2023-05-28
236,Emily Jones,linda18@example.net,855.201.7833x3110,"58003 Matthew Circles Apt. 138, East Zachary, AK 99912",2023-05-14
237,Mariah Smith,david85@example.com,+1-651-271-9769,"044 Lindsay Cliffs Suite 244, South Nicoleside, GU 71377",2023-02-15
238,Kimberly Watts,bryantjoshua@example.net,001-603-860-0903x386,"63870 Lewis Trail Suite 012, North Katrina, PA 57781",2023-06-08
239,Wendy Barber,nlynch@example.org,(229)349-0043x090,"270 Julie Place, North Maryburgh, WV 14529",2023-06-19
240,Matthew Williams,icochran@example.org,+1-318-246-8939x002,"PSC 8585, Box 3229, APO AA 34006",2023-09-08
241,Michael Rose,smithtravis@example.com,740.206.6081,"153 Jeffery Point, Barajaston, OR 96470",2023-11-03
242,Terrance Scott,rhonda64@example.com,+1-839-222-6463,"0948 Mary Road, Morseville, AZ 39182",2023-07-01
243,Valerie Austin,cooperandrea@example.com,657.263.5419x245,"83825 Thompson Manors, Donnaview, IN 22138",2023-03-07
244,Allen Hurley,nelsondavid@example.net,205-511-3330x9251,"40802 John Haven Apt. 734, South Michael, CA 87303",2023-09-25
245,Edward Andrews,aallen@example.com,516-739-5512x4565,"26878 Turner Roads Suite 332, South Martin, SC 64405",2023-03-21
246,Joshua Mcpherson,flopez@example.net,+1-342-503-6746x857,"Unit 2021 Box 7981, DPO AE 06956",2023-09-06
247,Jeremy Jackson Jr.,shane67@example.com,(536)532-6809x313,"444 Ferguson Trail, East Nicole, NV 28033",2023-09-24
248,Kayla Myers,thomasalexandra@example.net,661-752-6405x107,"131 Adriana Cliff Suite 063, Nicoleview, MS 30776",2023-03-16
249,Veronica Lee,nburgess@example.net,(887)854-9584,"PSC 6842, Box 1976, APO AA 68468",2023-10-22
250,Jessica Fox,julie69@example.com,381-817-8414,"92119 Baxter Falls, South Sara, NH 04220",2023-03-19
251,Jennifer Collins,sarahpadilla@example.net,+1-221-419-8961x933,"4084 Owens Fork Apt. 117, North Steven, NC 04351",2023-03-03
252,Tony Daniel,kiara26@example.org,001-802-435-5659x2530,"6120 Johnson Center, Lake Davidland, NH 94350",2023-02-22
253,Renee Moore,greerwilliam@example.org,9294630442,"8967 King Ridge Apt. 413, Christopherfurt, AL 31217",2023-06-28
254,John Lawson,matthewbautista@example.net,+1-903-290-7185x030,"931 Lamb Courts Suite 349, Eatonville, DE 40529",2023-04-11
255,Kelly Smith,theresaleblanc@example.com,8159243307,"5865 Christina Via, Tashafort, ND 15928",2023-09-21
256,Dakota Jones,christophergomez@example.net,904.612.5521,"1754 Price Parkways, Port Vanessabury, FM 51264",2023-10-26
257,Amy Johnson,selenalee@example.com,(458)546-3957x601,"548 Jeff Forges, Edwardschester, IN 71070",2023-09-12
258,Kathleen Brewer,linda38@example.com,902-371-7250x401,"PSC 6295, Box 6662, APO AE 83911",2023-11-05
259,Susan Curry,jackson70@example.com,8069463191,"1210 William Port, Robertsview, NY 46105",2023-09-21
260,Jenna Woods,amy91@example.org,(874)455-8542x53005,"87252 Russell Passage Suite 229, Liuberg, NE 12194",2023-04-15
261,Carl Pratt,jasonpearson@example.org,001-793-303-7432,"45871 Patricia Walk Apt. 382, Beckerberg, KS 43458",2023-11-26
262,Richard Cannon,kathrynhayes@example.org,001-684-510-6590x808,"32030 Nicole Pines, Joshuaberg, WA 76692",2023-02-05
263,Danielle Powers,garciagabriella@example.net,8893962807,"4407 Joshua Ramp Apt. 857, North Cory, AR 05779",2023-08-08
264,Andrew Harris,brian25@example.org,001-878-986-3187x57780,"697 Jose Island, Port Andrew, TN 58991",2023-11-13
265,Jose Johnson,johnesparza@example.com,383.522.3458,"USNS Williams, FPO AE 75645",2023-11-26
266,Anthony Martin,hsmith@example.com,(577)889-3676x0779,"77731 Vincent Road, East Russellland, NH 09447",2023-02-25
267,David Dean,joseph86@example.net,+1-524-484-6008,"05515 Thomas Track Suite 579, Lake Lisa, NV 88052",2023-02-22
268,Monica Mccullough,melissacoleman@example.org,205-858-8153x579,"5691 Ramos Dam Apt. 620, North Robert, SD 05423",2023-07-01
269,Juan Pugh,troy52@example.net,+1-927-311-6573x631,"65796 Fischer Island Apt. 460, Blevinsborough, CT 06449",2023-12-06
270,Jon Gay,hallchristina@example.org,544.710.4115x888,"6777 Ashley Courts Suite 046, South Jennifer, CT 17655",2023-06-07
271,Christopher Owen,kristin91@example.org,(765)489-8251x46794,"855 Miller Path, South Joseport, MH 70312",2023-09-03
272,James Brooks,erobinson@example.org,(800)703-5167x775,"5321 Garcia Mountain Apt. 403, Palmerchester, NV 46077",2023-06-14
273,James Osborne,scott05@example.com,956.608.5000x7718,"8644 Martin Vista Apt. 341, Donaldside, TN 61832",2023-08-18
274,Matthew White,simmonsabigail@example.com,001-724-864-7897x31582,"621 Henderson Canyon Suite 154, Port Markton, OK 89592",2023-12-20
275,Kimberly Smith,kaylasmith@example.org,8649050460,"3828 Schultz Garden, South Kaylashire, NV 69108",2023-12-18
276,Rachel Rivas,kingjohn@example.com,311.794.4498,"822 Richardson Valley, East Jeffrey, WY 31649",2023-03-25
277,George Sanchez,tammy67@example.net,429-917-9752x8969,"3659 Dawson Highway Suite 667, New Anna, AR 33654",2023-08-07
278,Elizabeth Lamb,laura10@example.net,315.977.7207x80579,"4319 Jennifer Isle Apt. 967, East Justin, WY 58306",2023-02-08
279,James Russell,rachelfoster@example.org,434.509.0678x507,"7946 Richard Point Apt. 137, Lake Adam, RI 70248",2023-05-08
280,Daniel Farrell,monica04@example.com,+1-738-707-6254x319,"0470 Leslie Isle Apt. 314, Port Danieltown, VI 10876",2023-07-17
281,Casey Chavez,ibond@example.net,8859681501,"462 Tonya Course Apt. 355, West Jermaine, GA 73382",2023-08-25
282,David Guzman,rubenlopez@example.net,+1-975-959-1417x8644,"264 Emily Ferry, Longbury, ME 28496",2023-02-23
283,Renee Griffin,josephalexander@example.org,(608)539-8434x499,"63339 Peterson Ports, Robersonhaven, MD 05076",2023-01-21
284,Tammy Wood,michellehunter@example.org,(863)969-7003,"762 Michael Rest Suite 609, West Daniel, UT 94289",2023-11-29
285,Todd Andrews,kelly77@example.org,+1-212-831-7775x40675,"9297 Jessica Spring, West Tammymouth, NJ 76005",2023-12-08
286,John Miles,lauraalvarez@example.com,933-708-9690x48851,"852 Johnson Trail Suite 816, East Tracy, TN 59247",2023-03-10
287,Heidi James,judy00@example.org,(620)764-2254x564,"80209 Wells Springs, Corymouth, VI 79414",2023-04-10
288,Stephanie Hampton,hmckee@example.net,(857)874-5830x02434,"Unit 9634 Box 9740, DPO AA 21828",2023-11-20
289,Sarah Wiggins,sonyacisneros@example.com,631.913.8855x671,"45991 Velasquez Curve Apt. 570, Stevensonside, CO 25221",2023-04-05
290,Louis Johnson,dawn50@example.net,+1-989-854-6207,"5001 Marcus Locks Apt. 467, Port Kevin, NJ 49544",2023-07-15
291,Gordon Garcia,russelljennifer@example.org,597-562-5380x5386,"112 Arthur Expressway Apt. 441, East Michaelton, WY 76763",2023-06-29
292,Leonard Robinson,delacruzmark@example.net,(339)800-4287x13155,"6807 Johnson Gateway, Colemanton, VI 67993",2023-07-07
293,Todd Hernandez,cchapman@example.org,001-214-303-4304,"134 Peters Corner, South Katieside, GA 86866",2023-11-01
294,Steven Collins,mayroger@example.org,591-786-3376,"5288 Garrett Flats, Theodoreshire, TN 36238",2023-08-06
295,Christina Paul,kevin33@example.org,(210)910-5879,"27046 Rodriguez Centers Suite 744, Watsonshire, OH 26540",2023-09-06
296,Walter Bailey,fbrock@example.com,227-815-3018,"027 Campos Motorway Suite 448, East Lindaville, VA 04212",2023-12-07
297,Betty Gordon,hwhite@example.org,458.443.3337,"120 Bryan Camp, South Matthew, GU 02029",2023-09-11
298,Patrick Thomas,pmiller@example.net,751.756.4664,"2063 Riley Wells Suite 161, Daughertyburgh, AZ 08073",2023-11-13
299,Mr. Shane Hamilton,raymondsullivan@example.org,992-491-5717,"242 Patrick Green Suite 052, Port Daniel, PA 17220",2023-08-29
300,Hannah Ho,kimkathleen@example.org,6925554100,"55768 Pamela Oval Suite 055, Lake Jody, FM 12364",2023-08-03
301,Michelle Acosta,vanessafletcher@example.net,001-679-575-2168x553,"96853 Kimberly Road Suite 658, Mayerfort, WV 34322",2023-06-19
302,Emily Kane,jmccarthy@example.net,558.647.5377,"66240 Christian Junctions, Lake Sarahshire, PA 48125",2023-09-03
303,Taylor Martin,jasmin95@example.net,+1-918-285-8257,"456 Delgado Manor Suite 986, Hoganbury, WI 88748",2023-09-02
304,Nicole Myers,zhenry@example.net,001-384-999-3574x4469,"21777 Ronald Isle Suite 354, Johnfurt, LA 56635",2023-12-21
305,Christopher Smith,krobertson@example.net,+1-736-407-8431x62092,"3603 Joseph Lake, New Tammytown, VT 28770",2023-12-01
306,Rebecca Little,thomas72@example.net,729.771.2376,"95208 Watson Summit, Butlerview, MP 73390",2023-03-12
307,Elizabeth Bell,julie39@example.org,613.228.3435,"57042 Debra Circles, West Michael, WI 83325",2023-12-16
308,Rebecca Thompson,nicole99@example.net,+1-285-251-4334,"71404 Aaron Loop Apt. 342, Daltonville, MT 77627",2023-02-10
309,Jeffrey Dixon,brownsara@example.org,769-399-6840x1288,"98037 Samantha Turnpike Apt. 093, Karentown, PA 69256",2023-05-02
310,Richard Griffin,iwilliams@example.org,(651)837-3872x3901,"8602 Wendy Court, Shariview, FM 20908",2023-06-27
311,Joseph Erickson,tduran@example.com,685.646.5513,"32637 Reeves Meadow, New Thomas, AS 57257",2023-01-21
312,Charles Olson,joshuacampbell@example.org,877.738.1988,"473 Allison Trail Suite 648, South Joann, KY 04403",2023-09-16
313,Steven Thompson,saraweber@example.com,+1-386-580-0506,"9255 Hill Stravenue Apt. 832, North Ashley, MI 61661",2023-05-30
314,Sean Mayer,smendez@example.org,917.439.6907,"9917 Debra Spurs Suite 104, Sarahbury, ID 12672",2023-04-17
315,Jonathan Burton,cameronvalerie@example.net,+1-537-324-7242x66312,"2359 Joanna Forest, New Shawnview, MN 12549",2023-04-26
316,Rachel Soto,tracysingh@example.net,775.684.0557x432,"922 Christine Squares Suite 474, South Markside, VT 82812",2023-02-23
317,Austin Williams,hardingjacqueline@example.com,231-497-6028x33387,"002 Mitchell Ports, South Kennethstad, NV 59202",2023-05-22
318,Benjamin Mitchell,john99@example.org,484-683-3165x8568,"PSC 0227, Box 8759, APO AP 22129",2023-02-20
319,Dawn Porter,gburgess@example.com,(611)316-7893,"371 Wyatt Harbor, Johnborough, AL 03025",2023-01-14
320,Nancy Davis,richardobrien@example.com,5207860389,"8723 Campbell Pass Suite 583, Hesterstad, WA 74258",2023-06-07
321,Suzanne Hudson,krodriguez@example.com,001-397-624-4549x3653,"USS Grant, FPO AE 09322",2023-09-16
322,Tina Cook,zbrown@example.org,(409)652-6807x5379,"514 Anthony Turnpike, Christopherchester, IN 17734",2023-05-10
323,Michael Keller,jennifer04@example.org,540-456-6141x222,"Unit 0640 Box 6072, DPO AP 12602",2023-11-25
324,Brian Clark,hgarcia@example.net,(288)903-1507x992,"1382 Williams Road, Rodriguezville, WI 44447",2023-12-30
325,Jeffrey Hall,khaynes@example.org,(310)945-3620x52322,"07363 Barker Orchard, Sarahton, WI 92396",2023-11-07
326,Diana Scott,christopher47@example.net,491.436.2916x099,"874 Gregory Rapid Apt. 326, Fernandoburgh, AS 70462",2023-05-19
327,Robin Moore,michelle71@example.net,(230)782-8788x8759,"07269 Webb Courts, West Tylermouth, CO 64224",2023-11-13
328,Ronald Harrison,jacobsvictoria@example.org,001-807-733-2646,"0049 Trujillo Trail, Debbietown, IN 78560",2023-08-12
329,Brian Sanchez,allison72@example.com,(895)722-1739x956,"997 Jackie Curve Suite 180, Lake Sara, AK 60337",2023-01-17
330,Michelle Shepherd,patricia75@example.net,(624)379-5263x271,"432 Park Mews Apt. 150, East Andrew, NC 96581",2023-07-21
331,Victoria Schmidt,keyrebecca@example.org,001-517-661-4557,"1925 Michael Port Suite 061, West John, ID 65248",2023-07-02
332,Jon Mora MD,brett93@example.com,825.681.1833,"882 Corey Junction Apt. 648, West Kim, WV 27837",2023-05-25
333,Dean Mcmillan,toddwoods@example.com,001-342-685-1563x44682,"3079 Wall Ridge Apt. 443, Oconnorshire, PA 97657",2023-12-08
334,Travis Hickman,jessemcpherson@example.org,616.700.0468x3812,"71738 Hanson Cliffs Suite 778, Markfort, MD 73849",2023-01-06
335,Amanda Stewart,hayesjohn@example.org,665.999.8383,"759 Pitts Plains Suite 041, South Jennifer, UT 31950",2023-01-09
336,Michael Burns,horndenise@example.com,001-207-296-2160x35070,"38302 Jodi Brook Suite 466, East Christianburgh, NC 57508",2023-10-16
337,Latasha Thomas,alexander95@example.com,8498862030,"PSC 4364, Box 8800, APO AP 47722",2023-10-04
338,Corey Holland,iboyd@example.com,+1-700-468-5594x263,"06031 Jason Wall Suite 129, North Cameron, TN 92629",2023-09-15
339,Steven Hardy,adamwhite@example.org,506-920-8030,"080 Robinson Plains, East Mark, MO 74536",2023-05-06
340,Anthony Bell,lisa87@example.org,717-417-2733,"598 Kramer Roads Suite 152, Williamsfort, WA 72930",2023-07-23
341,Raymond Higgins,nriggs@example.org,(721)358-2261x5117,"078 Kimberly Estate Suite 457, East Nathanfort, OK 76340",2023-09-22
342,Robert Hernandez,ccopeland@example.org,(268)261-4513x88131,"7178 Jason Wall, West Nathanview, MH 72512",2023-10-05
343,Eric Owens,castillojoseph@example.com,+1-907-904-9252x27717,"345 Meghan Shoal, Lake Michael, HI 38684",2023-06-01
344,Victoria Lopez,juliewalsh@example.org,422-961-3637x1485,"891 Hamilton Wells, Kristinestad, NM 67595",2023-10-07
345,Michaela Thompson,wisenicholas@example.net,544.326.9700,"3625 Alan Flats Apt. 376, New Jasonmouth, KY 02266",2023-01-15
346,Patrick Mathis,matthew47@example.net,(619)536-5355,"2974 Barber Village Suite 685, Ellisside, NC 57779",2023-09-28
347,Thomas Middleton,zmorales@example.com,402.946.4255x0626,"2922 Richard Field Apt. 784, Port Kayla, OK 89275",2023-11-12
348,Michele Fletcher MD,ijohnson@example.net,001-202-891-1225,"6169 Shaun Camp, North Rossberg, KY 46931",2023-07-14
349,Teresa Burgess,ctran@example.net,940.790.9168,"49790 Smith Manors, West Crystalport, PW 95753",2023-12-19
350,Amy Simpson,kellierodriguez@example.org,882.758.1830,"6561 Soto Union Apt. 511, New Roy, TX 54748",2023-03-14
351,Timothy Walton,michaelmarquez@example.com,652-454-6293x077,"75063 William Divide, New Christinetown, UT 38728",2023-01-12
352,Samantha Martin,smartinez@example.org,+1-880-705-0605x90304,"4838 Curtis Rapids Suite 630, Herreraton, OH 47130",2023-02-11
353,Angela Williams,todd95@example.com,(785)497-2470x3941,"32594 Frank Expressway, Kingmouth, TX 75734",2023-09-28
354,Brianna Johnson,mccarthysean@example.org,(516)241-7286x5434,"838 Alexander Estates Apt. 254, Schmidtshire, KS 17113",2023-11-15
355,Edward Johnson,ghurst@example.net,447-716-4404,"974 John Junctions Suite 188, East Markport, MO 33362",2023-09-26
356,Joshua Elliott,gravesamy@example.org,653-235-6144,"259 Russell Mount, Guerrerotown, VA 97159",2023-09-23
357,William Smith,brianna36@example.net,799-864-6949,"360 Kerry Station Suite 188, East Tammy, IL 91229",2023-02-26
358,Donna Bass,michael71@example.com,001-226-310-1419x65233,"585 Thomas Hills Suite 877, Carolynville, NJ 10966",2023-10-22
359,Kayla Valdez,michele81@example.org,(908)538-9038x715,"71572 Moore Gardens Suite 906, Medinaborough, IA 35483",2023-04-08
360,Gregory West,ewoods@example.com,+1-551-866-6599,"86515 Michael Causeway Suite 585, Port Juan, DE 93744",2023-12-12
361,Bryan Nelson,alyssalee@example.com,001-895-331-2649x87465,"24404 Rose Viaduct Suite 045, Tylerton, FL 10410",2023-07-17
362,Amanda Manning,carolynblake@example.com,(933)865-3967x8623,"0515 Harris Flats, East Nancy, IL 15962",2023-04-08
363,Erin Frank,monica02@example.com,9939465786,"73430 Russell Station, West Alejandromouth, MS 44921",2023-01-16
364,Daniel Johnson,wilcoxdana@example.org,6226776548,"889 Maureen Fork, East Calebview, SC 20615",2023-04-18
365,Judy Chavez,robinsonrandy@example.com,446-385-2692x00337,"04223 Campbell Meadow, East Kaylamouth, TX 99327",2023-08-12
366,Mrs. Michelle Miller DDS,joshua03@example.org,991.842.7056x713,"40657 Carroll Inlet, Watsonton, MD 08558",2023-01-04
367,Sarah Holder,tiffany15@example.org,310-983-0949x0433,"163 John Crescent Apt. 689, North Melanieland, AS 49842",2023-06-26
368,Carrie Brown,ypierce@example.org,+1-440-647-8484x417,"00654 Courtney Club, Brownville, MH 88971",2023-11-02
369,Phyllis Dickerson,mgentry@example.com,356.672.5239,"68993 Eddie Dam Apt. 967, North Cynthia, NE 99058",2023-03-19
370,Tracey Scott,kathleen69@example.com,+1-594-222-2272x707,"7571 Flores Shores Apt. 924, Lake Jean, NV 32117",2023-12-26
371,Jennifer Watson,bwagner@example.net,(412)385-0398x628,"84982 Avila Passage, Nancyland, GU 35852",2023-05-05
372,Jennifer Shepard,lmack@example.org,001-280-527-7769,"70802 Kevin Hills Suite 736, Rodriguezfurt, IA 43820",2023-10-11
373,Kellie Wagner,ucarpenter@example.com,313.698.3228x49791,"7040 William Fords, Brooksside, OK 29363",2023-04-04
374,Shawn Hunt,daniel42@example.com,(212)852-9985x23291,"914 Maria Glens Suite 345, New Brandon, RI 35101",2023-07-12
375,Cody Frye,zmckay@example.net,882.587.8886x941,"1691 Blake Underpass Suite 978, Jonesstad, OK 20241",2023-12-17
376,Carol Walls,millerpatrick@example.org,001-650-418-3825x753,"287 Michelle Grove, West Marcuston, SC 63550",2023-04-04
377,William Moore,dustinvasquez@example.net,+1-502-397-9777x317,"8388 Dunn Corner, North Michael, IA 40890",2023-11-26
378,Lisa Farrell,abell@example.net,914.467.1486x847,"387 Olivia Street Suite 460, Elizabethstad, MA 79671",2023-06-11
379,Kelly Barker,wileykimberly@example.com,592.696.4676x671,"20051 Murray Trafficway Suite 502, South Brandonburgh, WA 58385",2023-02-17
380,Timothy Conley,jennifercompton@example.com,248.708.5235x11359,"8817 Kaiser Crossing Suite 839, Bauerfurt, WY 82511",2023-01-28
381,Timothy Hunt,yanglynn@example.net,9288354697,"135 Smith Hollow, Waltersbury, TX 12447",2023-02-25
382,Jeffery Reynolds,mfitzgerald@example.com,(203)517-9579x89631,"Unit 1491 Box 4786, DPO AE 20256",2023-10-28
383,Brandy Ford,reyesmatthew@example.org,(684)674-8379x176,"30324 Nicole Square, Port Elizabethburgh, HI 49586",2023-11-24
384,Travis Stevens,daniel59@example.com,(690)628-6638x8269,"20304 Wood Crossing Suite 399, Hannahland, GA 92694",2023-05-03
385,Nicholas Hanson,fwelch@example.com,(354)543-7461,"976 Reed Lake Apt. 331, New Veronica, NC 39823",2023-01-17
386,Christopher Morris,kyle17@example.net,(855)322-8068x08978,"4810 Brian Plaza Apt. 259, Toddfurt, KY 80503",2023-06-26
387,Lauren Mcdonald,nshaw@example.org,4973338730,"7763 Julie Plains, Elizabethview, IA 65765",2023-04-09
388,David Peters,feliciaguzman@example.net,796.784.3780,"Unit 8593 Box 6719, DPO AP 10728",2023-05-13
389,Brittany Mclaughlin,robertrose@example.net,9726726723,"84211 Daniel Fields, West Bryan, VA 76662",2023-01-17
390,Annette Wall,sanchezlisa@example.net,400-521-9490,"90170 Paul Mountain, Rogersview, IN 14561",2023-01-07
391,Amy Hernandez,sjackson@example.org,7534220287,"91426 Smith Meadows Suite 299, New Nicole, VI 34715",2023-09-24
392,Mitchell Guerra,jenningskaren@example.com,454.516.1557x64369,"182 Daniel Court, West Garyfurt, ME 37365",2023-12-14
393,Cindy Thompson,oscarbean@example.net,001-784-325-8382x0939,"298 Michelle Forks, Kennedyton, AL 53868",2023-01-05
394,Bobby Sexton,cory70@example.org,490-472-2120x604,"56463 Connor Ports, Port Amandabury, IL 98498",2023-02-18
395,Mark White,olsenmargaret@example.net,691-284-9815,"432 Charles Vista Apt. 115, Lake Patricia, NM 66681",2023-09-17
396,Shannon Todd,ryanochoa@example.net,293.234.6382x6166,"USS Ochoa, FPO AE 56896",2023-12-26
397,Anthony Hale,normanstephen@example.net,(656)313-6970x2924,"43831 Wilson Fall Suite 682, Herreraberg, WA 50245",2023-07-23
398,Brian Erickson,jacksonwanda@example.net,286-839-3260x98758,"608 Mary Land Suite 804, Huntbury, DE 75370",2023-07-06
399,Justin Cain,mannamber@example.net,351.571.1053x8571,"3409 Andrew Lodge, New Cynthiafort, ME 03932",2023-09-06
400,Mark Williamson,edwardsbrian@example.org,554.411.6949x96502,"90259 Aaron Rest, Josephberg, VT 60781",2023-07-24
401,Matthew Novak,matthew74@example.net,480.799.6814x846,"Unit 7146 Box 8216, DPO AP 49535",2023-11-18
402,John Hopkins,donald89@example.org,+1-840-401-1143x1416,"062 Roberts Pines Apt. 189, Lake Michelletown, NY 79289",2023-11-24
403,Lee Byrd MD,nicolearnold@example.com,+1-791-669-0878x6070,"6298 Lowe Lights Apt. 757, Perryburgh, TN 49485",2023-10-07
404,Tanner Green,michael08@example.net,355.848.1568x40292,"USNS Reese, FPO AP 27527",2023-09-04
405,Cheryl Pugh,ashleyfisher@example.net,001-555-458-4626,"0842 Mary Point Suite 466, Frankburgh, KY 33524",2023-03-09
406,Theodore Cook,lisarichards@example.net,294.872.1679x688,"807 Sabrina Passage Suite 561, Lanceberg, AK 78599",2023-05-18
407,Megan Wagner,oferrell@example.net,(840)952-4434x701,"73394 Lynn Vista Suite 351, Westfurt, IL 50166",2023-02-13
408,Sandy Edwards,patrick90@example.com,210-502-4437,"11042 Jennifer Mountains, Jennymouth, OH 80918",2023-09-13
409,Nicole Barron,kimberly95@example.com,+1-444-754-0848x4695,"125 Jennifer Lane Suite 083, Lake Michaelhaven, WY 05942",2023-07-12
410,Jose Ray,erin24@example.net,(676)791-2813,"790 Hansen Mountains, Port Jimton, RI 73136",2023-07-29
411,Andrew Martinez,shaneayala@example.org,370-993-6896x36089,"554 Young Branch Apt. 246, Juliamouth, VT 25976",2023-05-31
412,Gwendolyn Sweeney,raymondadrienne@example.net,+1-724-226-6312x1510,"43471 Kennedy Road Suite 213, Millertown, LA 47606",2023-05-01
413,Amanda Levy,bjenkins@example.com,(484)323-0219x68514,"8565 Powell Forest Suite 946, Pattyport, FL 05135",2023-11-12
414,Sarah Mcgee,davidvasquez@example.org,386.637.5290x62362,"5354 Andrew Stream Suite 168, New Eduardo, MI 68550",2023-01-15
415,Richard Morris,mooreerica@example.org,+1-358-668-1669x50652,"3847 Angela Lodge Suite 514, North Natasha, WA 21037",2023-05-15
416,Nathaniel Blair,henry56@example.org,001-233-903-4575x1062,"37165 Aguilar Court, New Malik, NY 44183",2023-04-21
417,Heather White,kevinwilliams@example.net,001-417-601-8164x3655,"9669 Connie Burgs Suite 494, Port Douglas, MH 82223",2023-04-27
418,Adam Roberts PhD,parkjimmy@example.net,7443191072,"0471 Shannon Glens Apt. 305, Howardville, OH 47656",2023-07-28
419,Karen Jones,tonyalawrence@example.org,907.564.5994x5489,"8420 Thomas Curve, Millershire, MD 33763",2023-11-01
420,Tara Walker,sonyamurphy@example.org,711-501-7670x7735,"6614 Tiffany Crossing Suite 691, Aaronbury, VT 75298",2023-05-28
421,Cory Alexander,logan08@example.net,+1-571-250-9689x11958,"8713 Christopher Run, South Ellenside, NY 81467",2023-08-01
422,Stephanie Dean,ybond@example.com,+1-306-673-8490x7895,"421 Newman Fork, Chadtown, IA 55791",2023-08-13
423,Tamara Berg,benjamincardenas@example.com,(893)555-6892,"7516 Chan Rest Apt. 887, Andersonfurt, PW 23499",2023-11-17
424,Jason Garcia,oorozco@example.com,(427)413-1318x598,"98467 Ibarra Mission, East Johnland, KY 36209",2023-08-11
425,Christopher Garrett,sclarke@example.com,996.636.7122x3757,"441 Susan Street Apt. 143, Davidchester, ME 13441",2023-05-18
426,Brandon Jordan,cynthiaayala@example.com,001-257-381-7022x585,"3515 Green Fields, Jamesport, DE 39186",2023-09-21
427,Brian Smith,brianhunter@example.org,+1-644-312-9888x715,"679 Dominguez Cliff Apt. 550, New Anthonymouth, MI 96989",2023-03-07
428,Michelle Lowe,kimberly33@example.com,001-930-762-0882x6895,"9659 Richard Ridges Apt. 256, North Lori, HI 03872",2023-05-10
429,Stephen Soto,donaldnewman@example.com,408.883.8902x8840,"USNS Hernandez, FPO AE 76737",2023-11-26
430,Stephanie Collier,jennifer86@example.org,001-793-764-7176x0424,"7072 Garcia Forest Apt. 841, Terrymouth, OR 43419",2023-01-08
431,Elizabeth Walker,rhernandez@example.com,001-292-918-5546,"Unit 9803 Box 7473, DPO AP 95388",2023-10-11
432,Pamela Banks,cynthia99@example.net,683.970.0854,"01070 Thompson Ridges Suite 418, Marybury, MI 88720",2023-04-27
433,Erica Townsend DDS,wliu@example.org,339.214.1641x06339,"05584 Cathy Parkways Suite 006, Johnsonshire, AL 51657",2023-11-14
434,Catherine Martinez,mcdonaldalexandra@example.net,7703385248,"6370 Courtney Path, South Cynthialand, TX 76256",2023-11-25
435,Gary Skinner,donna58@example.org,8584699173,"68112 Travis Underpass Suite 925, South Monica, IA 86538",2023-05-23
436,Stephanie Nichols,beth44@example.net,001-558-782-5765,"USS Porter, FPO AP 79400",2023-11-11
437,Timothy Perez,tiffany53@example.net,463.543.8887x316,"816 Isaiah Garden, South Victoria, FM 72724",2023-09-02
438,Daniel Tran,hartjeffrey@example.net,+1-444-660-8874x95098,"5163 Lisa Passage Apt. 759, Jeffreybury, CA 89780",2023-07-16
439,Natasha Bennett,uwilliams@example.com,+1-554-710-5156x48479,"7367 Jeffrey Course, Adamsville, AZ 22727",2023-10-01
440,Linda Serrano,eduardo96@example.com,519-990-5592x75602,"910 Alan Villages, North Joseph, WA 94491",2023-04-22
441,Ryan Perkins,amanda87@example.com,450-987-7848,"342 Carlson Plain, North John, ID 52332",2023-09-01
442,Sarah Harding,shannonmartin@example.com,972-390-9878,"PSC 1627, Box 2466, APO AA 48950",2023-02-06
443,Austin Sullivan,powelleric@example.net,866.445.5722,"672 Miller Route, New Yolanda, OH 19317",2023-05-02
444,Maria Cameron,briana80@example.net,001-678-808-2913x998,"8953 Joshua Cliff, Langmouth, NE 94937",2023-08-31
445,Carlos Peters,mfoster@example.org,7042118787,"585 Smith Stravenue, New Donnastad, TN 19616",2023-08-26
446,Catherine Jenkins,zperry@example.net,438-417-6070,"76146 Bryant Forges Apt. 561, Davidton, TN 92464",2023-01-10
447,Kathy Harper,charlesharris@example.com,380.964.0475x6791,"PSC 6161, Box 3011, APO AA 56692",2023-12-23
448,Ross Brown,samuel80@example.com,001-349-271-0974x832,"Unit 4587 Box 0722, DPO AP 96130",2023-07-04
449,Sandra Phillips,scott63@example.org,803-698-1779x15668,"861 Alexander Squares Suite 293, Michaelfurt, MS 72875",2023-09-29
450,Teresa Stokes,xsolis@example.com,(419)533-6564x304,"30058 Torres Road Suite 312, Port Joshuaburgh, IL 79518",2023-10-20
451,Joshua Taylor,bstein@example.org,8652028806,"95912 Kimberly Flats, West Julie, TN 96120",2023-08-31
452,Ariel Kim,jamesbooker@example.net,001-431-586-8623x68473,"562 Holly Common Apt. 340, East Jonathanport, CT 89527",2023-09-27
453,Sharon Cook,lisadavis@example.net,5149669449,"6828 Tanner Square, Walkerchester, SD 57964",2023-07-03
454,Katie Richardson,amberlane@example.org,(387)950-2302x2587,"37523 Hunter Canyon, New Brucemouth, VI 31926",2023-10-06
455,Nathan Camacho,falexander@example.net,(950)291-0017,"473 Burke Drives, South Sierraland, KS 18881",2023-12-06
456,Randy Powell,lawrence40@example.com,001-204-641-6314,"0612 William Shores, Danielsville, NH 51156",2023-12-15
457,Brenda Chandler,jenningsronnie@example.net,+1-831-721-4992x07935,"638 Brian Well Apt. 240, Tranville, GU 25627",2023-07-05
458,Jesse Garcia,joy23@example.org,314-248-5278,"53471 Marc Branch, West Leslie, CT 70324",2023-02-10
459,Amber Sherman,copelandrobert@example.org,480.552.3419,"06618 Tina Islands, Andersenfort, MT 81013",2023-04-06
460,Hunter Thomas,stephanie68@example.net,540.984.4791x916,"02693 Jill Glens Apt. 452, New Thomasburgh, NC 92884",2023-06-25
461,Michael Williams,smithchristopher@example.org,(878)418-5925x1559,"676 Jane Ramp Suite 630, Davidborough, KY 05240",2023-12-30
462,Edwin Walker,turnerthomas@example.net,267-626-4826x1021,"459 Alexis Radial Apt. 844, Port Angelachester, GU 72094",2023-10-02
463,Todd Young,matthewbailey@example.net,(646)797-7085x6748,"843 Henry Trafficway, New Ryanberg, NC 37151",2023-02-04
464,Rebecca Brown,fritzpaula@example.org,464.387.4103x939,"10777 Hannah Islands, South Kristenfort, GU 05968",2023-09-30
465,James Rice,hendersonbrandon@example.org,630-508-8636,"6362 Patricia Ford, Lake Patrickshire, PA 35113",2023-07-06
466,Levi Schaefer,kellymatthew@example.com,(720)417-5676x816,"USNV Foster, FPO AE 89319",2023-01-19
467,Brittany Meadows MD,victor74@example.com,849.882.5390x766,"2059 Joshua Trail Suite 592, Bakerstad, WV 58140",2023-07-16
468,Daniel Martin,kramershawn@example.net,001-902-725-9324x53960,"68413 Joseph Skyway, East Traci, RI 86504",2023-08-21
469,Willie King,qatkinson@example.com,+1-329-309-3664x78339,"572 Christina Land Apt. 691, Jeffreyfort, NJ 95778",2023-02-28
470,Amber Hughes,omacias@example.org,912-887-0070x995,"Unit 4789 Box 5412, DPO AA 80587",2023-09-26
471,Kenneth Henderson,melaniethompson@example.net,795-278-9562,"777 Potts Pass, Melissaview, FM 34404",2023-06-09
472,Jacob Freeman,allenjoan@example.net,426-300-0467,"904 Robert Burgs, South Melissa, OH 88832",2023-03-11
473,Brian Hall,williammason@example.com,610-686-4608x0766,"517 James Motorway, Goodmanshire, MI 25689",2023-03-01
474,Shawn Johnson,logangonzalez@example.org,+1-688-750-2383x220,"USS Gray, FPO AA 37264",2023-10-10
475,Alex Baxter,yvettedillon@example.org,8972149548,"789 Vega Row, West Brianhaven, NJ 99708",2023-10-23
476,Amy Frazier,joseph09@example.org,001-399-841-2923x429,"2115 Samuel Fort Suite 832, West Garyborough, MD 78601",2023-08-27
477,Kelly Morales,zrosales@example.net,+1-484-610-7498x67536,"66987 Jeffrey Pine Suite 791, South Billy, NM 03483",2023-12-17
478,Christopher Ritter,pspencer@example.org,(768)506-9212,"51093 David Landing, Nguyenborough, OK 45831",2023-01-10
479,James Barry,linda93@example.com,+1-869-465-8529x416,"1635 Moses Summit, New Jesse, DE 37044",2023-06-06
480,Tanya Johnson,corybrown@example.net,(279)273-9765,"949 Robert Trail, Mccoyshire, WI 08980",2023-05-04
481,Lynn Sanchez,mitchellthompson@example.net,001-860-903-6516x885,"419 Jennifer Crescent Suite 193, Manningstad, GA 58377",2023-07-01
482,Mr. Jordan Cohen DDS,victoriawalker@example.org,(964)811-1565,"8319 Michael Ranch, North Dianaburgh, IA 00915",2023-01-21
483,Darryl Garcia,johnsonpatrick@example.com,2417143618,"2090 Hayes Square, Lynchshire, RI 35282",2023-01-16
484,Rita Clark,robert33@example.com,411-952-2270x971,"37468 Amy Field Suite 298, West Laura, MH 35901",2023-10-28
485,Joshua Morse,james45@example.net,+1-467-824-3728x7745,"3909 Romero Key, Ryanshire, CO 89606",2023-10-15
486,Nancy Terrell,tanya44@example.org,(331)840-7331x7386,"98440 Rodriguez Land Apt. 539, Port Ashleyfurt, CT 87111",2023-02-02
487,Wesley Smith,michael87@example.com,001-499-564-5824,"Unit 4245 Box 7167, DPO AE 94959",2023-11-03
488,Jennifer Dougherty,candacebailey@example.net,001-544-564-8618x66721,"34701 Garcia Circle Apt. 124, Lake Tiffany, VI 99085",2023-02-03
489,Mrs. Megan Chang,thernandez@example.org,440.968.7793,"539 Benjamin Ports, Amandastad, CA 91293",2023-10-11
490,Veronica Murray,kimberlyjohnson@example.net,(825)894-6851x6205,"978 Jennifer Center Apt. 062, Dawnville, CA 05677",2023-08-12
491,Rebecca Griffin,iwilliams@example.org,309-532-4786x073,"33356 Rodriguez Drive Suite 470, Ginamouth, NV 32744",2023-08-10
492,Michelle Moody,jennifer83@example.net,(724)359-4831x66845,"66690 Tanya Row, Port Sheilaberg, WY 69100",2023-10-20
493,Jeffery Brewer,mauricetownsend@example.com,710-336-6502,"47303 Dale Landing, Port Jamiefurt, OR 22129",2023-03-26
494,James Guzman,heather71@example.net,(949)278-6427,"872 Thornton Underpass, Lake Jamieburgh, PR 54201",2023-02-25
495,James Bradley,sherri59@example.com,+1-785-861-7734x57269,"591 Julia Plaza, Snyderton, OR 67677",2023-01-16
496,Alexander Mccormick,ramirezkyle@example.org,(702)633-3532,"25826 Courtney Lodge, South Robertville, AK 33599",2023-09-25
497,Tracie Harris,emily70@example.com,481.710.2929x14715,"67791 Lori Port, North Stevenborough, CA 48981",2023-09-05
498,Lauren Butler,kimbrian@example.net,(871)792-2707,"070 Gregory Parkways Suite 609, North Jon, VA 61955",2023-04-10
499,Derek Barnes,foxdakota@example.net,+1-375-557-9077x140,"222 Rivera Overpass, Lewismouth, AR 76730",2023-04-14
500,Brandon Barrera,mitchell49@example.com,+1-346-235-3573x814,"92075 Edwards Ports Apt. 385, Lozanoshire, ID 57423",2023-07-14
501,Alexis Mitchell,fwilliamson@example.net,+1-753-840-0741x4371,"210 Anderson Wells, Courtneyberg, MS 56429",2023-09-24
502,Jasmin Sullivan,beverly65@example.net,(211)414-3268x58830,"68111 Clarke Ville Suite 873, Port Courtney, AZ 42660",2023-12-13
503,Justin Lopez,brittany68@example.com,9092810954,"18902 Johnson Mountain Apt. 022, South Dawn, NJ 11136",2023-08-28
504,Amber Johnson,johnmoran@example.com,(803)253-4902x115,"Unit 3975 Box 0127, DPO AP 93802",2023-06-10
505,Michelle Valenzuela,scottlinda@example.org,425.232.5695x77315,"20693 Jacqueline Plaza Apt. 451, Helenton, NM 28102",2023-07-10
506,Rebecca Garza,maytanner@example.com,(953)504-4580x38214,"72357 Maureen Haven, Port Nicolefurt, WY 08427",2023-03-03
507,Scott Quinn,hobbsmelanie@example.com,3992665416,"40573 Taylor Trace, New Richardview, WY 43168",2023-03-09
508,Andrea Baker,wallaceashley@example.org,(882)834-8950,"56474 King Inlet, Branditown, HI 29300",2023-02-03
509,Mr. Andrew Murphy,jared40@example.net,001-798-677-9818x211,"6934 Kimberly Curve Suite 127, North Samantha, LA 41703",2023-08-27
510,Brandon Rowe,frankrios@example.org,+1-591-310-6387x2361,"9994 Wallace Radial, Lake Kathytown, IA 50231",2023-11-22
511,Tammy Wright,qmarshall@example.com,(455)502-5796x0470,"13656 Watkins Walk Apt. 713, Ashleyborough, NE 11217",2023-06-03
512,Derek Sherman,pcarpenter@example.net,3022846713,"668 Harris Stravenue, East Cameronbury, KY 15489",2023-08-23
513,Ashley Myers,kristenramsey@example.org,824.779.0691x975,"18235 Amanda Burgs, East Pedroshire, AZ 30782",2023-07-20
514,Alexis Bonilla,swansonlaura@example.com,746.957.5562x396,"8891 Matthew Tunnel Suite 316, Donaldville, CO 74116",2023-11-30
515,Mary Andrews,fgoodman@example.net,9022443728,"556 Sarah Coves, East Craig, MH 17856",2023-07-08
516,Ashley Barnett,urobertson@example.com,(924)616-9831,"4028 Peggy Ways, Robertmouth, IL 54395",2023-11-01
517,Matthew Morgan,laura16@example.net,224.639.1947x6165,"677 Vanessa Cliffs, Port Sarah, NJ 94878",2023-08-10
518,Kenneth Davidson,kevin71@example.com,683-856-9973,"41903 Martin Springs Suite 274, Hopkinsfurt, NC 13053",2023-05-19
519,Linda Anderson,parkerjennifer@example.com,861-313-8677x69212,"4865 Valenzuela Locks Apt. 165, Cartermouth, GU 73676",2023-06-13
520,Andrew Rios,fmiller@example.net,+1-834-853-2903,"Unit 6828 Box 4129, DPO AE 05316",2023-01-11
521,Gregory Wells,edickson@example.org,945.925.7318x408,"8705 Tammy Crossing Apt. 072, Lake Monique, MT 13254",2023-06-26
522,Misty Blake,njones@example.org,389-250-4067,"USNV Smith, FPO AA 37069",2023-10-03
523,Sheila Smith,llucas@example.net,8786881597,"10709 Huynh Inlet, Port Johnside, GU 59124",2023-08-23
524,Mr. Randy Dyer,mitchelljeffrey@example.net,(918)645-9930x629,"2578 Smith Ferry Suite 218, Lake Dylan, PW 07682",2023-04-04
525,John Curry,hilljordan@example.net,001-870-903-8694,"2311 Julie Mall, West Emily, LA 25452",2023-10-29
526,Kayla Escobar,mwashington@example.org,919-202-6367x171,"723 Tiffany Ville, Lake Phillip, IL 95234",2023-10-02
527,Terry Johnston,nielsenamy@example.com,7919587770,"28584 Kimberly Mountains, Lake Peter, MP 76720",2023-11-25
528,Melissa Cox,karen79@example.org,001-955-836-1780x61122,"206 Zimmerman Courts Apt. 137, Stephenburgh, UT 61489",2023-04-02
529,Douglas Bentley,aspears@example.org,+1-571-491-1856,"5927 Morgan Terrace Apt. 659, Port Jennifershire, IL 11853",2023-03-13
530,Christina Brown,jill04@example.com,852.711.2483,"4408 Brenda Mountain, Kylestad, SC 44776",2023-02-23
531,Bethany Jacobs,jamesdavid@example.net,683.461.7345,"00317 Brittany Cliff, Lake Davidview, TX 13701",2023-11-30
532,Brandon Long,michelle73@example.org,(960)974-7092x4618,"394 Tricia Islands Apt. 269, Richardton, NV 62700",2023-09-06
533,Alyssa Osborn,carolyn82@example.org,611.377.0174,"USCGC Morales, FPO AP 42152",2023-06-17
534,Heidi Gonzalez,brooksjacob@example.com,8879858042,"6202 Taylor Square Apt. 245, Port Ryanmouth, WA 47349",2023-11-19
535,Jeremy Hicks,james43@example.com,(943)464-4366x01059,"93385 Alfred Street Suite 538, South Karenbury, MN 04894",2023-07-02
536,Christine Reese,curtisjames@example.org,542.901.0136,"Unit 2396 Box 2986, DPO AE 71446",2023-04-13
537,Michelle Terry,brandon15@example.org,512-445-1040,"16948 Julie Meadows Apt. 479, East Dakotafort, MN 08468",2023-12-11
538,Tammy Wagner,theresawilson@example.com,316-622-1895x64695,"36678 Roberts Wall, South Nicole, CA 48079",2023-03-22
539,Kimberly Smith,idavis@example.com,500.209.4805x77679,"USCGC Acosta, FPO AA 23224",2023-01-29
540,Russell Gregory,kimberlybowers@example.net,(926)262-9426x772,"53657 Stephen Mountain, Mcdowellbury, IA 06340",2023-06-15
541,Matthew Carter,jamie87@example.com,366-871-3776x0173,"991 Brent Parks, Lake Kathryn, OK 80539",2023-08-04
542,Dennis Carter,lindawright@example.com,(389)308-3085x28118,"98367 Jeremy Well Apt. 951, Samanthafort, DC 39168",2023-11-10
543,Lisa Smith,xtrujillo@example.org,+1-232-222-8367x737,"061 Joyce Throughway, Carolynborough, OR 85214",2023-06-28
544,William Waters,brooke22@example.com,001-214-387-9845x56282,"0053 Woodward Extension Apt. 853, Port Angel, MH 37155",2023-08-21
545,Carol Nichols,barbermolly@example.org,228-952-7737,"64887 Sheila Mills, West Robertburgh, CO 77643",2023-09-15
546,Laura Smith,youngkathleen@example.com,5863308666,"903 Peterson Village Suite 558, West Scotttown, RI 62264",2023-12-24
547,Robert Thomas,hjones@example.org,+1-431-356-9087,"6276 Marissa Stravenue, Spencershire, ND 84233",2023-12-11
548,Andrew Meyer,bscott@example.org,784.937.5635x28546,"584 Jacob Unions, New Amanda, IN 22299",2023-11-12
549,Sarah Soto,holtadam@example.com,717-295-8148x60507,"868 Johnson Gardens, Petersonberg, IN 72350",2023-03-12
550,Emily Perez,christophercontreras@example.org,(547)588-6287x8121,"USCGC Hodge, FPO AA 52799",2023-02-15
551,Brittany Hayes,kaufmanashley@example.net,566-481-1188x462,"0601 Scott Passage, Port Melindaview, MI 30765",2023-05-02
552,Michael Flowers,elizabethkelly@example.com,960-735-1812x4491,"0563 Ryan Squares Suite 533, Garciaburgh, DC 81296",2023-06-13
553,Stefanie Spears,johnvasquez@example.com,7473596725,"0054 Taylor Coves Apt. 389, Port Sarahfort, IA 56106",2023-02-03
554,Alejandro Malone,jamesburns@example.org,+1-323-564-2495x140,"0441 Long Corners Apt. 506, Port Kellyshire, TN 66611",2023-12-09
555,Brent West,christinayoung@example.com,665.426.8962,"44163 Martin Mission, North Rebeccaland, MT 47991",2023-10-11
556,Cynthia King,qrhodes@example.com,+1-791-841-3484,"14178 Poole Fort, Lake Samantha, MH 25187",2023-02-08
557,Thomas Reynolds,margaretwalker@example.org,9148942013,"64877 Ana Forks Suite 320, Port Cliffordport, DC 56560",2023-11-12
558,Michael Robinson,ustephens@example.net,(603)671-2742x7667,"PSC 9687, Box 0365, APO AP 40969",2023-04-20
559,Tracie Duncan,glasssamuel@example.com,+1-956-775-5511x4664,"01367 Austin Gardens, Walkerfort, CT 33427",2023-07-03
560,Laura Jones,costatimothy@example.net,001-824-437-5806x0395,"45345 Underwood Mountains Apt. 497, Lucerostad, DC 42130",2023-03-09
561,Michele Morales,floresbrian@example.com,+1-586-845-6389x4669,"61218 Jonathon Ranch Suite 363, West Feliciaside, MH 89935",2023-08-24
562,Deborah Long,maria85@example.net,001-787-269-1512x2845,"500 Danielle Fields, West Kristinbury, RI 81030",2023-10-05
563,Andrea Williams,ubrown@example.org,+1-420-405-8477x146,"64399 Gates Trafficway, Brownmouth, NE 38921",2023-06-19
564,Mandy Nguyen,lfrazier@example.net,(433)991-1943x28172,"936 Williams Manors Apt. 815, Briannashire, DE 57902",2023-05-29
565,Jennifer Ellis,zjordan@example.org,285.205.0017,"192 Bean Manor, Martintown, PA 47924",2023-12-06
566,James Moody,richard82@example.com,(299)609-9724,"6002 Hall Land, Wheelermouth, ND 96640",2023-08-26
567,Gregory Fleming,joelbryant@example.net,220.424.8568x317,"6640 Kevin Centers, South Jon, KS 18265",2023-01-02
568,Matthew Moody,andreaneal@example.net,2585861995,"Unit 1018 Box 6340, DPO AE 50314",2023-03-13
569,Daniel Garcia,rdavis@example.net,3609037181,"1694 Michael Flat, New Christopherhaven, MS 93569",2023-11-15
570,Timothy Peterson,sparks@example.org,237-664-1579,"259 Ochoa Square Apt. 701, Sullivanmouth, AR 71172",2023-08-12
571,Shelby Mason,nicoleherrera@example.org,+1-440-827-6539x526,"1273 Curtis Station Suite 379, Justinberg, UT 98229",2023-01-30
572,James Jones,patrick67@example.net,+1-508-734-2145x5441,"879 Wright Plaza Apt. 835, Rossmouth, FM 72011",2023-04-22
573,Shirley Holmes,ganderson@example.net,001-273-503-9688,"21945 Erik Roads, Clarkeport, WI 42108",2023-04-22
574,Thomas Davis,jpacheco@example.org,823.852.6576x601,"00968 Escobar Parkways, Leeview, OH 05225",2023-04-09
575,Sara Frazier,ryan78@example.com,850-457-2173,"313 Mills Fort Apt. 379, New Scottton, OH 44081",2023-05-13
576,Carly Dickerson,baxteradam@example.org,225.758.0789x65876,"61482 Betty Burgs Apt. 952, Daviesborough, CO 88476",2023-12-08
577,Shannon Nelson,berryashley@example.org,335-393-6015x32006,"04686 Christopher Vista Apt. 297, West Benjamin, IA 53773",2023-12-03
578,Kerry Olson,brittany12@example.com,683-885-6613x3865,"4014 Johnson Shoal Apt. 941, Jenkinsburgh, IA 23825",2023-12-03
579,Makayla Houston,kennedysteven@example.net,(316)781-8870x0023,"130 Christopher Ferry Apt. 859, Lake Tina, GU 68746",2023-06-24
580,Jason Logan,xaustin@example.com,319-927-7655x6363,"3557 Potter Forks, Lake Teresaview, ND 91066",2023-01-11
581,Christopher Hudson,jowens@example.org,442.210.0508,"402 Elizabeth Stream Apt. 312, New Luis, IL 28788",2023-10-14
582,Donald Becker,stephanie92@example.net,502-524-5068x1536,"15706 Pierce Heights Suite 432, South Annatown, FL 02071",2023-07-13
583,Gregory Nielsen,horncharles@example.net,+1-516-854-2450x513,"446 Perez Light, Amandastad, WI 11080",2023-10-29
584,Samantha Barton,michael98@example.org,(649)740-3886,"57803 Jones Squares, Lake Jacobburgh, PA 30846",2023-10-07
585,Pamela Gomez,pamelagoodman@example.com,974-442-7933,"53471 Adkins Inlet, Cindyborough, MH 80784",2023-09-02
586,Timothy Wyatt,katherine90@example.org,200-731-5855,"612 Hancock Extensions, South Justinmouth, WY 72825",2023-07-29
587,Michelle Ponce,barryandrea@example.org,4865815439,"4892 Byrd Plaza, Matthewtown, NC 78557",2023-10-24
588,William Johnson Jr.,yowen@example.com,8906069733,"43411 King Forest, Lake Jeffreyton, MT 77546",2023-04-27
589,Darlene Wallace,janderson@example.net,6787769576,"7822 Knox View, Katrinaborough, VT 47222",2023-09-16
590,Alyssa Robinson,djackson@example.org,501.475.8635x4930,"31244 Kristin Island, Port Christopherstad, VT 61557",2023-09-22
591,Tony Melton,craig26@example.com,+1-499-679-3206x241,"89533 Scott Green Suite 925, Thomasshire, KS 33724",2023-02-09
592,Danielle Watson,erikhicks@example.org,718.601.5769x7422,"2631 Durham Fall, Lake Jasonborough, MT 73018",2023-12-09
593,Darryl Lane,irwintommy@example.net,+1-397-494-2585,"62475 Diaz Crossing, Port Suzanne, OH 14932",2023-07-09
594,Elizabeth Williams,alexandershelley@example.org,001-439-294-6939,"12392 Watson Camp, South Annahaven, DE 91026",2023-01-28
595,Pamela Jones,brendabishop@example.net,(290)481-7630x26736,"PSC 9795, Box 3280, APO AE 84773",2023-09-19
596,Ashley Hunt,kimberly04@example.net,+1-220-611-6953x4120,"191 Victoria Tunnel, New Joyport, AK 74969",2023-09-04
597,Karen Lopez,ejohnson@example.org,631-971-8178x96730,"8043 Craig Dam Suite 706, Morrowview, AL 17311",2023-06-18
598,John Campbell,thompsoneugene@example.net,(244)899-4155x846,"9761 Brewer Junction Suite 912, Griffinmouth, MI 34124",2023-01-08
599,Chad Powell,debbiehenson@example.org,(823)248-6153,"0019 Perez Crescent Suite 898, New Josehaven, IL 35251",2023-01-28
600,Anthony Allen,bestmonica@example.com,7513064857,"13865 Owens Skyway, Gregorytown, CO 76978",2023-07-25
601,Shannon Flores,paulsmith@example.com,(856)649-2480,"Unit 0854 Box 2916, DPO AE 02268",2023-11-16
602,Caitlin Hardin,ybutler@example.com,(665)358-2158,"49890 Briana Greens Suite 023, West Chase, VA 05663",2023-04-05
603,Martin Martin,stephenchurch@example.com,001-365-216-3364x824,"Unit 2746 Box 1835, DPO AA 26241",2023-08-06
604,Amy Calhoun,jessefernandez@example.net,001-213-725-4836x749,"864 Lori Street Apt. 711, Lake Brianna, UT 49805",2023-12-29
605,Laura Li,brownbrandon@example.net,316.322.2775x1500,"9734 Cook Shoal, North Thomaschester, AS 10937",2023-08-11
606,Tara Bullock,adam28@example.org,(726)390-1276,"4038 Kevin Knoll, Armstrongstad, OK 76956",2023-12-08
607,Maria Kelley,brettmiller@example.org,640.677.7330x670,"USNV Powers, FPO AA 87526",2023-04-27
608,Miss Elizabeth Flynn,robert60@example.net,645-994-3647,"0857 Sandoval Village Suite 976, South Luke, NE 17538",2023-09-25
609,Julie Reilly,pvilla@example.org,+1-989-271-5542x909,"935 Steven Mission Suite 850, New Justinmouth, ND 91116",2023-08-27
610,Teresa Becker,alexander31@example.com,983.375.3652x940,"57944 Brown Trail, Lake Shannonhaven, MS 90938",2023-06-02
611,Jennifer Weaver,yallen@example.com,515.767.7941,"PSC 5595, Box 0636, APO AE 37382",2023-04-05
612,Casey Barrett,kathyrobinson@example.net,+1-680-231-8939x896,"222 Michelle Plaza Apt. 996, Smithshire, WA 84418",2023-08-13
613,Melissa Schultz,armstrongcarlos@example.org,(451)772-5655,"9022 Sherman Shoal Apt. 729, Cantuberg, WI 78381",2023-10-29
614,Anthony Delacruz,amygriffin@example.com,594.370.3165x37057,"86090 Paula Groves, Deborahbury, IN 73218",2023-06-03
615,David Mercado,timothy81@example.com,(915)323-4620x96483,"8652 Kenneth Lane, Port Michaelberg, PA 92388",2023-06-09
616,Patricia Miller,awilliams@example.net,366.294.6736,"796 Raymond Mills Suite 722, East Michael, CT 78472",2023-12-11
617,Ashley Hall,ocruz@example.net,490.949.6152x1560,"746 Brown Point, Esparzaview, GU 60207",2023-11-07
618,Nathan Schultz,anthonylivingston@example.org,001-490-711-6913,"9178 Hernandez Bypass Apt. 304, West Ryanshire, CO 95466",2023-04-20
619,Whitney Olson,christianyates@example.org,9878025801,"460 Johns Square, Escobarfurt, NM 42746",2023-04-19
620,Heather Chen,samuel05@example.com,4598401361,"4494 Brown Isle Suite 894, North Aaron, CT 30333",2023-05-13
621,Johnny Ortega,williamsrandy@example.org,001-886-945-5256x772,"PSC 3796, Box 8886, APO AA 41063",2023-08-24
622,Kayla Barker,brownjordan@example.org,3025129344,"699 Joseph Forks Apt. 552, Williamfurt, ND 07337",2023-03-30
623,Angela Jackson,dstrickland@example.org,627.486.2392x181,"61438 Philip Turnpike Apt. 568, West Angelaview, WV 02224",2023-06-30
624,Andrew Reed,jenniferferrell@example.org,807-653-0087,"8792 Vanessa Squares Apt. 769, New Diane, PA 86793",2023-01-02
625,Michael Stone,madison33@example.net,795.305.8470x82940,"26407 Johnny Keys, Port Sethshire, FL 70088",2023-10-27
626,Joseph Moore,zavalakimberly@example.com,001-971-498-9372x4282,"545 Jonathan Brooks Apt. 079, Maxwellchester, MH 11844",2023-03-30
627,Eric Wise,riveratyler@example.org,(670)648-5032x546,"47188 Harrison Rapid, Cummingsstad, MO 55191",2023-07-11
